model,composite_score,wer_mean,cer_mean,bleu_avg_mean,rouge1_avg_f1_mean,levenshtein_avg_mean,time_mean,size_m_first,num_datasets
Wav2Vec2 XLSR Italian (Grosman),0.7170870505829096,0.35553260202575115,0.16871033960445364,0.44838442818703933,0.7894728614570885,83.61800000000001,6.428061002254486,315.0,5
Vosk STT (Small IT),0.7161047109299216,0.47206011707657164,0.21935286388636682,0.33289132629898815,0.7322070083753063,93.19,1.2999131407737732,8.0,5
Faster Whisper Tiny (Turbo),0.6904391516518404,0.5307861815918579,0.18367594817451624,0.2982270469637337,0.6551527478722043,73.19,1.5609210758209229,39.0,5
"Wav2Vec2 XLSR Multilingual (voidful, 56 lang)",0.6032469115120581,0.5107839608992827,0.20658018530253092,0.2808236529082004,0.6332374772408846,93.208,6.563076948642729,326.0,5
Whisper Distilled IT (bofenghuang),0.5437884473563275,0.43909300538185414,0.2967771215495032,0.4448712256448643,0.7764832456130937,156.436,12.07594738483429,756.0,5
Whisper Tiny (OpenAI),0.5245082237288896,0.6739818969783756,0.38706531889449014,0.20319409610425812,0.5211445126225265,183.28000000000003,1.2672345519065855,39.0,5
Wav2Vec2 XLS-R 1B Italian Robust (DBDMG),0.4560891234272207,0.5190813473595436,0.20477196037625411,0.27511357170554585,0.6394730216533473,93.872,16.24937080574036,963.0,5
