model,wer_mean,wer_std,cer_mean,cer_std,bleu_avg_mean,rouge1_avg_f1_mean,levenshtein_avg_mean,time_mean,size_m_first,language_first
Faster Whisper Tiny (Turbo),0.44224195121768534,0.08443526798183636,0.14469358475205002,0.06172360741320728,0.366339108457539,0.7352851579197577,79.02,2.3421572065353393,39,multilingual
Vosk STT (Small IT),0.4977502882250252,0.07432765308361901,0.27212343991638877,0.06037215199939633,0.2890919678250029,0.7624585359211083,146.41,1.9989209580421448,8,italian
Wav2Vec2 XLS-R 1B Italian Robust (DBDMG),0.5880131941541545,0.07339197902774064,0.2791905199431639,0.05691882355692961,0.22077381381952688,0.6272085760835132,150.41,26.473606953620912,963,italian
Wav2Vec2 XLSR Italian (Grosman),0.4481981319094628,0.06845673103002058,0.26046843504458334,0.05983625086871595,0.3381440848891523,0.7229033268951636,140.27,10.760036149024963,315,italian
"Wav2Vec2 XLSR Multilingual (voidful, 56 lang)",0.5908167951094938,0.07554805515713325,0.28282452821940446,0.05822997012167806,0.21952234904785128,0.6126473379582806,152.37,10.906230363845825,326,multilingual
Whisper Distilled IT (bofenghuang),0.5253870547132045,0.08080572752490965,0.3696096024061095,0.0825398148524993,0.35258481307571315,0.7641295098295616,203.1,15.577868466377259,756,italian
Whisper Tiny (OpenAI),0.7113812553388325,0.10141170051461279,0.4752892666444966,0.129141860245677,0.18527880675875102,0.5317768579059196,261.72,2.0699985003471375,39,multilingual
