model,composite_score,wer_mean,cer_mean,bleu_avg_mean,rouge1_avg_f1_mean,time_mean,size_m_first,num_datasets
Wav2Vec2 XLSR Italian (Grosman),0.6339317287798101,0.5394904026170574,0.3183798554454587,0.3988675480836955,0.6875140281356188,2.3148748791217804,315.0,4
Vosk STT (Small IT),0.5965099049213698,0.7464037694716472,0.40824816530582025,0.22937748561948768,0.609540832620738,0.7916025679452078,21.714285714285715,7
Faster Whisper Tiny (Turbo),0.5654269643841393,0.8479703290385688,0.3645914421460607,0.1970934011481245,0.5441341468614346,0.9666564536094666,39.0,4
Whisper Tiny (OpenAI),0.561558324760032,0.835218013428175,0.3522814861190537,0.18895592044067136,0.512118198071594,0.9020077228546143,39.0,4
"Wav2Vec2 XLSR Multilingual (voidful, 56 lang)",0.5411097059771881,0.6312706281606908,0.34876149288085234,0.2474551362578083,0.5320116611467305,2.4831161081790922,315.0,4
Whisper Distilled IT (bofenghuang),0.5011708736537982,0.5332462536193753,0.21069361027247502,0.4313699061154065,0.8077871119905005,11.813471961021424,756.0,4
Wav2Vec2 XLS-R 1B Italian Robust (DBDMG),0.35778695367729835,0.7062245963270611,0.3426147408565283,0.22040632423172074,0.5089666475186689,6.194375920295716,1000.0,4
