model,wer_mean,wer_std,cer_mean,cer_std,bleu_avg_mean,rouge1_avg_f1_mean,levenshtein_avg_mean,time_mean,size_m_first,language_first
Faster Whisper Tiny (Turbo),1.0483351643535346,0.9314959639888437,0.4264884388757808,0.46415794652564724,0.089409122189058,0.5834895544269909,76.03,1.1193018579483032,39,multilingual
Vosk STT (Small IT),0.924024403329294,0.15026760797015767,0.6598919485734415,0.07663658984218184,0.10532614624945608,0.5677202388956097,116.8,1.1536170887947081,8,italian
Wav2Vec2 XLS-R 1B Italian Robust (DBDMG),0.9689815554957077,0.1963568021705965,0.5953487079400479,0.11263024755389693,0.06303391048062422,0.3725439237204084,105.11,10.31280555009842,963,italian
Wav2Vec2 XLSR Italian (Grosman),0.9484825272987285,0.1673385625916027,0.6519931076490009,0.08986129641323494,0.11781740848885748,0.5084732092571622,115.22,3.9729701542854308,315,italian
"Wav2Vec2 XLSR Multilingual (voidful, 56 lang)",0.9806118965008659,0.10686393928402503,0.66722031622565,0.07253360048744598,0.057211018787247575,0.37319362683378493,118.12,4.263263669013977,326,multilingual
Whisper Distilled IT (bofenghuang),0.7694695113361276,0.15696191365562107,0.21167972104801427,0.059976774204476876,0.1628123162164736,0.8343470618677377,37.35,12.98009788274765,756,italian
Whisper Tiny (OpenAI),1.017058152824951,0.31467311143138893,0.4013110557629462,0.24794114393149727,0.07726721641239263,0.5435165179424224,71.84,1.3545716166496278,39,multilingual
