model,wer_mean,wer_std,cer_mean,cer_std,bleu_avg_mean,rouge1_avg_f1_mean,levenshtein_avg_mean,time_mean,size_m_first,language_first
Faster Whisper Tiny (Turbo),1.1605617168327813,1.297599624311482,0.5117698325861775,0.6285725841643753,0.09660079067808272,0.5546420599666148,91.8,1.105344386100769,39,multilingual
Vosk STT (Small IT),0.9122317103801811,0.13893397615924985,0.6603066360818562,0.08905398835129949,0.10385363081546792,0.5389686867745388,118.82,1.182095365524292,8,italian
Wav2Vec2 XLS-R 1B Italian Robust (DBDMG),0.9668678807360478,0.20837124078438946,0.597430445408867,0.11937556839314069,0.06284561567507892,0.35691131137875926,107.46,9.693996801376343,1000,italian
Wav2Vec2 XLSR Italian (Grosman),0.9559940308819409,0.17372468814946943,0.6565407196963342,0.09835816011543357,0.11725584374917793,0.47532357630971683,118.08,3.8998494148254395,315,italian
"Wav2Vec2 XLSR Multilingual (voidful, 56 lang)",0.9698993072142247,0.10239537224452376,0.6684681582071634,0.07526059266165543,0.05864318168865889,0.3344209169289762,120.54,3.864891185760498,315,multilingual
Whisper Distilled IT (bofenghuang),0.763959851248062,0.15846353018157555,0.2210418932213233,0.07260410701194955,0.1686516621646761,0.8160338977035255,39.62,11.921572308540345,756,italian
Whisper Tiny (OpenAI),1.06046948775375,0.393124993320219,0.45529978148596506,0.3170866286308757,0.07739122779933147,0.5190624596300304,82.52,1.324664945602417,39,multilingual
