model,wer_mean,wer_std,cer_mean,cer_std,bleu_avg_mean,rouge1_avg_f1_mean,levenshtein_avg_mean,time_mean,size_m_first,language_first
Faster Whisper Tiny (Turbo),1.3043081474428413,0.6193059325903781,0.7228972225659964,0.4372039366719868,0.030229056721291857,0.30484017233393623,130.81,1.2617979478836059,39,multilingual
Vosk STT (Small IT),1.1420088906745756,0.16585091522575274,0.5780758991151929,0.06740786249894519,0.07071826028776229,0.4594654000871725,102.99,1.1942608261108398,8,italian
Wav2Vec2 XLS-R 1B Italian Robust (DBDMG),1.084753805085825,0.15941932825808705,0.6029015171887651,0.0658192690457554,0.03957071994884517,0.27149227008532667,107.34,9.726723690032959,1000,italian
Wav2Vec2 XLSR Italian (Grosman),0.8809254431300576,0.1518936327024599,0.5492696403002842,0.06886317788905905,0.10445443394370088,0.44926349757658374,97.51,3.8260365390777586,315,italian
"Wav2Vec2 XLSR Multilingual (voidful, 56 lang)",0.882094576707348,0.09178883797614508,0.5582634000881146,0.062210782405117425,0.038872493966938176,0.293252607981242,99.27,3.865786497592926,315,multilingual
Whisper Distilled IT (bofenghuang),1.0599311095074073,0.22831753418870745,0.5480264075416081,0.10988032203156055,0.11536412743745358,0.5166120228257153,97.38,13.295371689796447,756,italian
Whisper Tiny (OpenAI),1.3207908713400485,0.3083936995141568,0.6738883427358374,0.16971450119715648,0.02475326831664291,0.2796868251247551,120.99,1.3918289184570312,39,multilingual
