model,wer_mean,wer_std,cer_mean,cer_std,bleu_avg_mean,rouge1_avg_f1_mean,levenshtein_avg_mean,time_mean,size_m_first,language_first
Faster Whisper Tiny (Turbo),0.767085589061149,0.17672509699585698,0.3536744564914905,0.11319508649362293,0.15333875819653506,0.5069012359231957,196.41,2.1745111680030824,39,multilingual
Vosk STT (Small IT),0.6461895198279828,0.0965363294649944,0.2866545914500071,0.06421632130176057,0.22755018104016503,0.6505746365903154,158.21,2.0036812949180605,8,italian
Wav2Vec2 XLS-R 1B Italian Robust (DBDMG),0.7097667392578431,0.08594435503621524,0.30084458439473977,0.05974759096185309,0.1259291386942924,0.47744117543184034,166.03,22.802082240581512,963,italian
Wav2Vec2 XLSR Italian (Grosman),0.4980975800601435,0.07210370131534839,0.24528215468644754,0.055796379932676596,0.28249425188744753,0.6708702278936356,135.41,9.074227149486541,315,italian
"Wav2Vec2 XLSR Multilingual (voidful, 56 lang)",0.660041005893295,0.0761520958376392,0.2823013274201475,0.053786251680233224,0.12694578386896427,0.4888058935704794,155.72,9.120195705890655,326,multilingual
Whisper Distilled IT (bofenghuang),0.6985322510939518,0.07412791316284914,0.5469731058435096,0.06599603330026692,0.24854427833844114,0.5645683086663369,306.14,11.815606513023376,756,italian
Whisper Tiny (OpenAI),0.9006631535926601,0.09495521410348925,0.6491773681010606,0.10713045302014838,0.06509002624224432,0.319305562068519,362.8,1.6178454375267028,39,multilingual
