dataset,model,wer,cer,bleu_avg,rouge1_avg_f1,levenshtein_avg,time
common_voice,Vosk STT (Small IT),0.4301951381951381,0.1373836857409581,0.3598018500393454,0.7345077990779462,8.01,0.3096106815338135
ITALIC,Vosk STT (Small IT),0.3220443722943723,0.1347309179731499,0.462900607149172,0.7281284654932033,5.1,0.2236974167823791
azure_synthetic_dataset,Vosk STT (Small IT),0.4979892454719815,0.2721109913527923,0.2891245830626001,0.7620532182482702,146.41,1.6991687417030334
google_synthetic_dataset,Vosk STT (Small IT),0.4677415997963486,0.2684290650732679,0.3267941450646195,0.7848073085531045,148.28,1.6961304140090945
coqui_dataset,Vosk STT (Small IT),0.6456404878774356,0.2861722523396686,0.2274324540175469,0.6507045150414479,157.95,1.9703990030288696
