dataset,model,wer,cer,bleu_avg,rouge1_avg_f1,levenshtein_avg,time
common_voice,Vosk STT (Small IT),0.4301951381951381,0.1373836857409581,0.3598018500393454,0.7345077990779462,8.01,0.3575810551643371
synthetic_dataset,Vosk STT (Small IT),0.9231842063722472,0.6602038629521404,0.1049961678239058,0.5677595497657788,116.87,0.9954638171195984
coqui_dataset,Vosk STT (Small IT),1.1365799081434191,0.5760963787654716,0.0713778742790927,0.4608744349381087,102.65,1.0850129699707032
ITALIC,Vosk STT (Small IT),0.3221832611832612,0.13342929520553906,0.4628011182444249,0.7284117436185866,5.04,0.24695905685424804
