dataset,model,wer,cer,bleu_avg,rouge1_avg_f1,levenshtein_avg,time
common_voice,Vosk STT (Small IT),0.4301951381951381,0.1373836857409581,0.3598018500393454,0.7345077990779462,8.01,0.3354839086532593
synthetic_dataset,Vosk STT (Small IT),0.9231842063722472,0.6602038629521404,0.1049961678239058,0.5677595497657788,116.87,0.9304772734642028
coqui_dataset,Vosk STT (Small IT),1.142172349089048,0.5772435679126733,0.0733830057616018,0.4609387634141288,102.84,1.0636390113830567
ITALIC,Vosk STT (Small IT),0.3221832611832612,0.13315151742776127,0.46261966877556127,0.727805683012526,5.03,0.22976242065429686
