{
  "model": "gemini-2.0-flash",
  "text": "Duncan Walker.",
  "reference": "duncan walker",
  "time": 3.4560090702947845,
  "cost": 0.0001280515192743764,
  "wer": 1.0,
  "cer": 0.23076923076923078,
  "bleu_avg": 0.0,
  "rouge1_avg_f1": 1.0,
  "rougeL_avg_f1": 1.0,
  "levenshtein_avg": 3.0
}