{
  "model": "gemini-1.5-pro",
  "text": "Spegni la luce nel capanno.\n",
  "reference": "spegni la luce nel capanno",
  "time": 2.433514739229025,
  "cost": 0.000521702947845805,
  "wer": 0.4,
  "cer": 0.07692307692307693,
  "bleu_avg": 0.26591479484724945,
  "rouge1_avg_f1": 1.0,
  "rougeL_avg_f1": 1.0,
  "levenshtein_avg": 3.0
}