{
  "model": "gemini-2.0-flash-lite",
  "text": "La domenica seguente, la Lazio subisce il medesimo risultato al San Paolo.\n",
  "reference": "la domenica seguente, la lazio subisce il medesimo risultato al san paolo.",
  "time": 5.148027210884353,
  "cost": 6.597632653061223e-05,
  "wer": 0.3333333333333333,
  "cer": 0.05405405405405406,
  "bleu_avg": 0.4240125351805037,
  "rouge1_avg_f1": 1.0,
  "rougeL_avg_f1": 1.0,
  "levenshtein_avg": 5.0
}