{
  "model": "gemini-1.5-pro",
  "text": "La parola incinta, con significato di \"senza cintura\", indica la maternità.\n",
  "reference": "la parola \"incinta\", con significato di \"senza cintura\", indica la maternità.",
  "time": 6.516009070294785,
  "cost": 0.0013682018140589568,
  "wer": 0.18181818181818182,
  "cer": 0.03896103896103896,
  "bleu_avg": 0.6989307622784944,
  "rouge1_avg_f1": 1.0,
  "rougeL_avg_f1": 1.0,
  "levenshtein_avg": 4.0
}