{
  "model": "gemini-1.5-pro",
  "text": "Agente Luca Verdi in servizio. Segnalazione di divieto di sosta alle 17:25 in via Roma 77, Palermo. Auto coinvolta, Alfa 147, targa AB 130 RK.\n",
  "reference": "Agente Luca Verdi in servizio. Segnalazione di divieto di sosta alle 10:17 del 05/03/2025, in via Roma 77, Palermo. Auto coinvolta: Audi A3, targa AB123CD.",
  "time": 16.35501133786848,
  "cost": 0.003406002267573696,
  "wer": 0.36,
  "cer": 0.1935483870967742,
  "bleu_avg": 0.5971720991726207,
  "rouge1_avg_f1": 0.7407407407407408,
  "rougeL_avg_f1": 0.7407407407407408,
  "levenshtein_avg": 31.0
}