{
  "model": "gemini-2.0-flash",
  "text": "Ehi, come sarà il tempo oggi a Milano, Lombardia?",
  "reference": "ehi come sarà il tempo oggi a milano lombardia",
  "time": 3.96,
  "cost": 0.00014859200000000002,
  "wer": 0.3333333333333333,
  "cer": 0.13043478260869565,
  "bleu_avg": 0.5873949094699213,
  "rouge1_avg_f1": 1.0,
  "rougeL_avg_f1": 1.0,
  "levenshtein_avg": 6.0
}