{
  "model": "gemini-1.5-flash",
  "text": "Ehi, che ore sono a Roma adesso?\n",
  "reference": "ehi che ore sono a roma adesso",
  "time": 3.370702947845805,
  "cost": 4.3148435374149656e-05,
  "wer": 0.42857142857142855,
  "cer": 0.13333333333333333,
  "bleu_avg": 0.41113361690051975,
  "rouge1_avg_f1": 1.0,
  "rougeL_avg_f1": 1.0,
  "levenshtein_avg": 5.0
}