{
  "model": "gemini-2.0-flash-lite",
  "text": "Agente Luca Verdi in servizio. Segnalazione di parcheggio su strisce pedonali alle 17:00, fotti, citellone etere, 25, in via Milano 24, Torino. Auto coinvolta, Opel corsa, targa 392.",
  "reference": "Agente Luca Verdi in servizio. Segnalazione di parcheggio su strisce pedonali alle 17:46 del 01/03/2025, in via Milano 24, Torino. Auto coinvolta: Opel Corsa, targa TR098YU.",
  "time": 16.51501133786848,
  "cost": 0.00020718013605442175,
  "wer": 0.3076923076923077,
  "cer": 0.1907514450867052,
  "bleu_avg": 0.5751167640035275,
  "rouge1_avg_f1": 0.7931034482758621,
  "rougeL_avg_f1": 0.7931034482758621,
  "levenshtein_avg": 33.0
}