{
  "model": "gemini-2.0-flash-lite",
  "text": "Rain News, titoli di coda.",
  "reference": "rai news titoli di coda",
  "time": 3.0,
  "cost": 3.81e-05,
  "wer": 0.6,
  "cer": 0.21739130434782608,
  "bleu_avg": 0.11362193664674995,
  "rouge1_avg_f1": 0.8000000000000002,
  "rougeL_avg_f1": 0.8000000000000002,
  "levenshtein_avg": 5.0
}