{
  "model": "gemini-2.0-flash",
  "text": "19 marzo 2025, ore 22:50, veicolo Mercedes Classe A, targa XY987ZT, in doppia fila presso Via del Corso 12, Roma, rilevato da agente Silvia Neri.",
  "reference": "19/03/2025, ore 22:50: veicolo Mercedes Classe A, targa XY987ZT, in doppia fila presso via del Corso 12, Roma. Rilevato da agente Silvia Neri.",
  "time": 15.879002267573696,
  "cost": 0.0005745408798185941,
  "wer": 0.30434782608695654,
  "cer": 0.07746478873239436,
  "bleu_avg": 0.5198707241967666,
  "rouge1_avg_f1": 0.9615384615384616,
  "rougeL_avg_f1": 0.9615384615384616,
  "levenshtein_avg": 11.0
}