{
  "model": "gemini-1.5-flash",
  "text": "Sono l'agente Anna Bianchi, alle ore 4:11 del 31 marzo 2025. Ho rilevato un'infrazione per parcheggio su strisce pedonali in via Napoli 5. Napoli, veicolo Fiat Panda, targa CD 456 F.\n",
  "reference": "Sono l'agente Anna Bianchi. Alle ore 04:11 del 31/03/2025, ho rilevato un'infrazione per parcheggio su strisce pedonali in via Napoli 5, Napoli. Veicolo: Fiat Panda, targa CD456EF.",
  "time": 18.97301587301587,
  "cost": 0.00023757619047619046,
  "wer": 0.48148148148148145,
  "cer": 0.1,
  "bleu_avg": 0.38376797444789135,
  "rouge1_avg_f1": 0.8787878787878787,
  "rougeL_avg_f1": 0.8787878787878787,
  "levenshtein_avg": 19.0
}