{
  "model": "gemini-2.0-flash",
  "text": "30 marzo 2025, ore 13:08, veicolo Volkswagen Golf, targa KL321 Newton, in sosta davanti a passo carrabile presso Via Etnea 45, Catania, rilevato da agente Carlo Bruni.",
  "reference": "30/03/2025, ore 13:08: veicolo Volkswagen Golf, targa KL321MN, in sosta davanti a passo carrabile presso via Etnea 45, Catania. Rilevato da agente Carlo Bruni.",
  "time": 18.07201814058957,
  "cost": 0.0006525350385487529,
  "wer": 0.375,
  "cer": 0.1069182389937107,
  "bleu_avg": 0.4161791450287817,
  "rouge1_avg_f1": 0.9090909090909091,
  "rougeL_avg_f1": 0.9090909090909091,
  "levenshtein_avg": 17.0
}