{
  "model": "gemini-2.0-flash",
  "text": "Attualmente i Paesi Bassi sono comunque campioni d'Europa.",
  "reference": "attualmente i paesi bassi sono comunque campioni d'europa.",
  "time": 3.312018140589569,
  "cost": 0.00012538303854875283,
  "wer": 0.5,
  "cer": 0.06896551724137931,
  "bleu_avg": 0.1477219991186121,
  "rouge1_avg_f1": 1.0,
  "rougeL_avg_f1": 1.0,
  "levenshtein_avg": 4.0
}