{
  "model": "gemini-2.0-flash-lite",
  "text": "Cancella l'incontro di domani dal mio calendario.\n",
  "reference": "cancella l'incontro di domani dal mio calendario",
  "time": 4.2,
  "cost": 5.3099999999999996e-05,
  "wer": 0.2857142857142857,
  "cer": 0.041666666666666664,
  "bleu_avg": 0.6147881529512643,
  "rouge1_avg_f1": 1.0,
  "rougeL_avg_f1": 1.0,
  "levenshtein_avg": 3.0
}