{
  "model": "gemini-1.5-pro",
  "text": "Tenti, tere tere, tenti tenti, fire, ore 13:10, veicolo in missione, targa classe Renault Trafic grigia, in doppia fila presso via Roma 77, Palermo. Rilevato da agente Giulia Costa.\n",
  "reference": "23/03/2025, ore 13:21: veicolo BMW Serie 1, targa GH789IJ, in doppia fila presso via Roma 77, Palermo. Rilevato da agente Giulia Costa.",
  "time": 14.210022675736962,
  "cost": 0.0029970045351473927,
  "wer": 0.6363636363636364,
  "cer": 0.562962962962963,
  "bleu_avg": 0.4387328902288626,
  "rouge1_avg_f1": 0.6181818181818183,
  "rougeL_avg_f1": 0.6181818181818183,
  "levenshtein_avg": 77.0
}