{
  "model": "gemini-1.5-flash",
  "text": "Che ore sono a Milano adesso?\n",
  "reference": "che ore sono a milano adesso",
  "time": 2.7,
  "cost": 3.4800000000000006e-05,
  "wer": 0.5,
  "cer": 0.10714285714285714,
  "bleu_avg": 0.20205155046766235,
  "rouge1_avg_f1": 1.0,
  "rougeL_avg_f1": 1.0,
  "levenshtein_avg": 4.0
}