{
  "model": "gemini-1.5-flash",
  "text": "13 marzo 2025, ore 3:56, veicolo Renault Clio, targa KL 321 Mega Newton, in parcheggio su strisce pedonali presso Corso Buenos Aires 98, Milano, rilevato da agente Sara Bellini.\n",
  "reference": "13/03/2025, ore 03:56: veicolo Renault Clio, targa KL321MN, in parcheggio su strisce pedonali presso corso Buenos Aires 98, Milano. Rilevato da agente Sara Bellini.",
  "time": 17.02299319727891,
  "cost": 0.00021357591836734693,
  "wer": 0.4583333333333333,
  "cer": 0.1402439024390244,
  "bleu_avg": 0.36866661166274683,
  "rouge1_avg_f1": 0.8421052631578948,
  "rougeL_avg_f1": 0.8421052631578948,
  "levenshtein_avg": 24.0
}