{
  "model": "gemini-2.0-flash-lite",
  "text": "Sono l'agente Silvia Neri, alle ore 5:42 del 10 marzo 2025. Ho rilevato un'infrazione per parcheggio su strisce pedonali in via Etnea 45, Catania, veicolo Mercedes Classe A, targa XY987ZT.\n",
  "reference": "Sono l'agente Silvia Neri. Alle ore 05:42 del 10/03/2025, ho rilevato un'infrazione per parcheggio su strisce pedonali in via Etnea 45, Catania. Veicolo: Mercedes Classe A, targa XY987ZT.",
  "time": 19.34403628117914,
  "cost": 0.00024172843537414968,
  "wer": 0.32142857142857145,
  "cer": 0.08021390374331551,
  "bleu_avg": 0.5076453300895118,
  "rouge1_avg_f1": 0.9393939393939394,
  "rougeL_avg_f1": 0.9393939393939394,
  "levenshtein_avg": 16.0
}