{
  "model": "gemini-2.0-flash",
  "text": "Sono l'agente Anna Bianchi, alle ore 4:11 del 31 marzo 2025, ho rilevato un'infrazione per parcheggio su strisce pedonali in Via Napoli 5. Napoli, veicolo, Fiat Panda, targa CD 456F.",
  "reference": "Sono l'agente Anna Bianchi. Alle ore 04:11 del 31/03/2025, ho rilevato un'infrazione per parcheggio su strisce pedonali in via Napoli 5, Napoli. Veicolo: Fiat Panda, targa CD456EF.",
  "time": 18.97301587301587,
  "cost": 0.0006854501587301588,
  "wer": 0.4444444444444444,
  "cer": 0.09444444444444444,
  "bleu_avg": 0.3649233186376866,
  "rouge1_avg_f1": 0.8923076923076922,
  "rougeL_avg_f1": 0.8923076923076922,
  "levenshtein_avg": 17.0
}