{
  "model": "gemini-1.5-pro",
  "text": "Che giorno è oggi?\n",
  "reference": "che giorno è oggi",
  "time": 2.38,
  "cost": 0.0005059999999999999,
  "wer": 0.5,
  "cer": 0.11764705882352941,
  "bleu_avg": 0.16990442448471224,
  "rouge1_avg_f1": 1.0,
  "rougeL_avg_f1": 1.0,
  "levenshtein_avg": 3.0
}