{
  "model": "gemini-2.0-flash",
  "text": "L'acqua, però, è spesso torbida per la grande presenza di plancton.",
  "reference": "l'acqua però è spesso torbida per la grande presenza di plancton.",
  "time": 8.316009070294784,
  "cost": 0.0003027235192743764,
  "wer": 0.18181818181818182,
  "cer": 0.046153846153846156,
  "bleu_avg": 0.7860753021519787,
  "rouge1_avg_f1": 1.0,
  "rougeL_avg_f1": 1.0,
  "levenshtein_avg": 3.0
}