{
  "model": "gemini-1.5-flash",
  "text": "Propugnò lo studio della formazione delle città attraverso l'utilizzo degli annali della Russia Sud Occidentale.\n",
  "reference": "propugnò lo studio della formazione delle città attraverso l'utilizzo degli \"annali della russia sudoccidentale\".",
  "time": 7.776009070294784,
  "cost": 9.841210884353739e-05,
  "wer": 0.35714285714285715,
  "cer": 0.061946902654867256,
  "bleu_avg": 0.5659119256652702,
  "rouge1_avg_f1": 0.9032258064516129,
  "rougeL_avg_f1": 0.9032258064516129,
  "levenshtein_avg": 8.0
}