{
  "model": "gemini-1.5-pro",
  "text": "Durante il pattugliamento in zona via Milano 24, Torino, l'agente Carlo Bruni ha rilevato una violazione dell'articolo 6, comma 5. L'auto coinvolta è una Mercedes classe A targata XXY987ZP. Alle ore 8:13 del 5 marzo 2023.\n",
  "reference": "Durante il pattugliamento in zona via Milano 24, Torino, l'agente Carlo Bruni ha rilevato una violazione del articolo 7, comma 15. L'auto coinvolta è una Mercedes Classe A targata XY987ZT, alle ore 08:13 del 05/03/2025.",
  "time": 17.885986394557822,
  "cost": 0.0037671972789115648,
  "wer": 0.3142857142857143,
  "cer": 0.0867579908675799,
  "bleu_avg": 0.5534074871684472,
  "rouge1_avg_f1": 0.7948717948717948,
  "rougeL_avg_f1": 0.7948717948717948,
  "levenshtein_avg": 20.0
}