{
  "model": "gemini-1.5-pro",
  "text": "Durante il pattugliamento in zona Piazza Venezia, Roma, l'agente Marco Gentili ha rilevato una violazione dell'articolo 7, comma 15. L'auto coinvolta è una Renault Clio targata TR98U alle ore 17:01 del 15 marzo 2025.\n",
  "reference": "Durante il pattugliamento in zona piazza Venezia, Roma, l'agente Marco Gentili ha rilevato una violazione del articolo 7, comma 15. L'auto coinvolta è una Renault Clio targata TR098YU, alle ore 17:01 del 15/03/2025.",
  "time": 19.056009070294785,
  "cost": 0.003991201814058957,
  "wer": 0.21212121212121213,
  "cer": 0.06046511627906977,
  "bleu_avg": 0.6629849663362426,
  "rouge1_avg_f1": 0.918918918918919,
  "rougeL_avg_f1": 0.918918918918919,
  "levenshtein_avg": 14.0
}