{
  "model": "gemini-1.5-flash",
  "text": "Agente Sara Bellini in servizio. Segnalazione di doppia fila alle ore 12:25 in via Napoli, 5, Napoli. Auto coinvolta,  Maserati, targa AB 1020 HR.\n",
  "reference": "Agente Sara Bellini in servizio. Segnalazione di doppia fila alle 08:13 del 12/03/2025, in via Napoli 5, Napoli. Auto coinvolta: BMW Serie 1, targa AB123CD.",
  "time": 15.619002267573697,
  "cost": 0.00019522802721088435,
  "wer": 0.4,
  "cer": 0.1987179487179487,
  "bleu_avg": 0.44763040477415417,
  "rouge1_avg_f1": 0.7169811320754718,
  "rougeL_avg_f1": 0.7169811320754718,
  "levenshtein_avg": 32.0
}