{
  "model": "gemini-1.5-pro",
  "text": "Quand'è Pasqua nell'anno 2018?\n",
  "reference": "quand'è pasqua nell'anno duemiladiciotto",
  "time": 2.94,
  "cost": 0.0006180000000000001,
  "wer": 0.75,
  "cer": 0.425,
  "bleu_avg": 0.08034284189446518,
  "rouge1_avg_f1": 0.8000000000000002,
  "rougeL_avg_f1": 0.8000000000000002,
  "levenshtein_avg": 17.0
}