{
  "model": "gemini-2.0-flash-lite",
  "text": "Infrazione riscontrata, parcheggio su strisce pedonali, posizione: via Etnea 45, Catania, ora: mezzogiorno e 7 minuti, data: 15 marzo 2025, auto: Fiat Panda, targa XY987ZT, agente: Sara Bellini.",
  "reference": "Infrazione riscontrata: parcheggio su strisce pedonali. Posizione: via Etnea 45, Catania. Ora: 12:07, Data: 15/03/2025. Auto: Fiat Panda, targa XY987ZT. Agente: Sara Bellini.",
  "time": 18.326984126984126,
  "cost": 0.00022892380952380952,
  "wer": 0.6956521739130435,
  "cer": 0.21839080459770116,
  "bleu_avg": 0.0846235708322116,
  "rouge1_avg_f1": 0.8518518518518519,
  "rougeL_avg_f1": 0.8518518518518519,
  "levenshtein_avg": 38.0
}