{
  "model": "gemini-1.5-flash",
  "text": "In base all'articolo 158, comma 2, l'agente Silvia Neri ha riscontrato un'infrazione in via Napoli 5, Napoli, alle ore mezzogiorno e 32 del 4 marzo 2025. Veicolo coinvolto: Opel Corsa, targa ZZ 456 QP.\n",
  "reference": "In base al articolo 158, comma 2, l'agente Silvia Neri ha riscontrato un'infrazione in via Napoli 5, Napoli alle ore 12:32 del 04/03/2025. Veicolo coinvolto: Opel Corsa, targa ZA456QP.",
  "time": 19.248027210884352,
  "cost": 0.00024177632653061223,
  "wer": 0.41379310344827586,
  "cer": 0.15217391304347827,
  "bleu_avg": 0.49997843572763623,
  "rouge1_avg_f1": 0.8169014084507041,
  "rougeL_avg_f1": 0.8169014084507041,
  "levenshtein_avg": 29.0
}