{
  "model": "gemini-2.0-flash",
  "text": "Verbale di infrazione redatto dall'agente Anna Bianchi. Data: 16 marzo 2025, ora: 21:59, infrazione: doppia fila, luogo: Via del Corso 12, Roma, veicolo: Mercedes classe A, targa TR98U.",
  "reference": "Verbale di infrazione redatto dall'agente Anna Bianchi. Data: 16/03/2025, ora: 21:59. Infrazione: doppia fila. Luogo: via del Corso 12, Roma. Veicolo: Mercedes Classe A, targa TR098YU.",
  "time": 16.63501133786848,
  "cost": 0.0006023523990929705,
  "wer": 0.46153846153846156,
  "cer": 0.09239130434782608,
  "bleu_avg": 0.3267294026204632,
  "rouge1_avg_f1": 0.9333333333333333,
  "rougeL_avg_f1": 0.9333333333333333,
  "levenshtein_avg": 17.0
}