{
  "model": "gemini-2.0-flash",
  "text": "Il comune costituito è diventato Fagnano Alto.",
  "reference": "il comune costituito è diventato \"fagnano alto\".",
  "time": 4.068027210884353,
  "cost": 0.00015159455782312923,
  "wer": 0.42857142857142855,
  "cer": 0.10416666666666667,
  "bleu_avg": 0.41113361690051975,
  "rouge1_avg_f1": 1.0,
  "rougeL_avg_f1": 1.0,
  "levenshtein_avg": 5.0
}