{
  "model": "gemini-1.5-pro",
  "text": "Ho una lista della spesa pronta.\n",
  "reference": "ho una lista della spesa pronta",
  "time": 2.9227210884353743,
  "cost": 0.0006245442176870748,
  "wer": 0.3333333333333333,
  "cer": 0.06451612903225806,
  "bleu_avg": 0.5081327481546147,
  "rouge1_avg_f1": 1.0,
  "rougeL_avg_f1": 1.0,
  "levenshtein_avg": 3.0
}