{
  "model": "gemini-2.0-flash",
  "text": "Al momento le uniche alternative sono i taxi o le vetture private.",
  "reference": "al momento le uniche alternative sono i taxi o le vetture private.",
  "time": 4.716009070294785,
  "cost": 0.00017640351927437643,
  "wer": 0.08333333333333333,
  "cer": 0.015151515151515152,
  "bleu_avg": 0.9036020036098448,
  "rouge1_avg_f1": 1.0,
  "rougeL_avg_f1": 1.0,
  "levenshtein_avg": 1.0
}