{
  "model": "gemini-2.0-flash",
  "text": "Il giorno 26/2025 alle ore 4:40 è stata segnalata un'infrazione per divieto di sosta in Via Roma 77, Palermo. Veicolo coinvolto, per corsa targa 331. Agente, Silvia Neri.",
  "reference": "Il giorno 26/03/2025, alle ore 04:40, è stata segnalata un’infrazione per divieto di sosta in via Roma 77, Palermo. Veicolo coinvolto: Opel Corsa, targa FG234LM. Agente: Silvia Neri.",
  "time": 17.63501133786848,
  "cost": 0.0006375523990929705,
  "wer": 0.32142857142857145,
  "cer": 0.10989010989010989,
  "bleu_avg": 0.30230341272691175,
  "rouge1_avg_f1": 0.8852459016393444,
  "rougeL_avg_f1": 0.8852459016393444,
  "levenshtein_avg": 20.0
}