{
  "model": "gemini-2.0-flash",
  "text": "Sono l'agente Silvia Neri, alle ore 6:19 del 19 marzo 2025, ho rilevato un'infrazione per divieto di sosta in Via Napoli 5, Napoli, veicolo, Renault Clio, targa CD 456F.",
  "reference": "Sono l'agente Silvia Neri. Alle ore 06:19 del 19/03/2025, ho rilevato un'infrazione per divieto di sosta in via Napoli 5, Napoli. Veicolo: Renault Clio, targa CD456EF.",
  "time": 15.92,
  "cost": 0.0005775840000000001,
  "wer": 0.4230769230769231,
  "cer": 0.09580838323353294,
  "bleu_avg": 0.3508772012923553,
  "rouge1_avg_f1": 0.8888888888888888,
  "rougeL_avg_f1": 0.8888888888888888,
  "levenshtein_avg": 16.0
}