{
  "model": "gemini-1.5-flash",
  "text": "Agente Silvia Neri in servizio. Segnalazione di doppia fila alle 00:38 del 6 marzo 2025 in Piazza Venezia, Roma. Auto coinvolta: Renault Clio, targa XY 987 ZT.\n",
  "reference": "Agente Silvia Neri in servizio. Segnalazione di doppia fila alle 00:38 del 06/03/2025, in piazza Venezia, Roma. Auto coinvolta: Renault Clio, targa XY987ZT.",
  "time": 14.152018140589568,
  "cost": 0.00017852421768707483,
  "wer": 0.30434782608695654,
  "cer": 0.07692307692307693,
  "bleu_avg": 0.6298777848185599,
  "rouge1_avg_f1": 0.8518518518518519,
  "rougeL_avg_f1": 0.8518518518518519,
  "levenshtein_avg": 13.0
}