{
  "model": "gemini-1.5-pro",
  "text": "Infrazione riscontrata. Accesso vietato. Posizione: Via Garibaldi 11, Firenze. Ora: 13:49. Data: 20 marzo 2025. Auto: Toyota Yaris. Targa: GH789I. Agente: Anna Bianchi.\n",
  "reference": "Infrazione riscontrata: accesso vietato. Posizione: via Garibaldi 11, Firenze. Ora: 13:49, Data: 20/03/2025. Auto: Toyota Yaris, targa GH789IJ. Agente: Anna Bianchi.",
  "time": 16.77401360544218,
  "cost": 0.003479802721088435,
  "wer": 0.47619047619047616,
  "cer": 0.09090909090909091,
  "bleu_avg": 0.18931747781986427,
  "rouge1_avg_f1": 0.9166666666666666,
  "rougeL_avg_f1": 0.9166666666666666,
  "levenshtein_avg": 16.0
}