{
  "model": "gemini-2.0-flash",
  "text": "Durante il pattugliamento in zona Via Milano 24, Torino, l'agente Sara Bellini ha rilevato una violazione dell'articolo 7, comma 15. L'auto coinvolta è una Fiat Panda targata GH789IE, alle ore 13:36 del 25 marzo 2025.",
  "reference": "Durante il pattugliamento in zona via Milano 24, Torino, l'agente Sara Bellini ha rilevato una violazione del articolo 7, comma 15. L'auto coinvolta è una Fiat Panda targata GH789IJ, alle ore 13:36 del 25/03/2025.",
  "time": 17.286984126984127,
  "cost": 0.0006281018412698413,
  "wer": 0.20588235294117646,
  "cer": 0.051643192488262914,
  "bleu_avg": 0.6736725254446679,
  "rouge1_avg_f1": 0.9210526315789473,
  "rougeL_avg_f1": 0.9210526315789473,
  "levenshtein_avg": 11.0
}