{
  "model": "gemini-2.0-flash-lite",
  "text": "Infrazione riscontrata: parcheggio su strisce pedonali. Posizione: via Garibaldi 11, Firenze. Ora: 10:57. Data: 31 marzo 2025. Auto: Volkswagen Golf, targa TR98U. Agente: Silvia Neri.",
  "reference": "Infrazione riscontrata: parcheggio su strisce pedonali. Posizione: via Garibaldi 11, Firenze. Ora: 10:57, Data: 31/03/2025. Auto: Volkswagen Golf, targa TR098YU. Agente: Silvia Neri.",
  "time": 21.44798185941043,
  "cost": 0.0002654757823129251,
  "wer": 0.21739130434782608,
  "cer": 0.054945054945054944,
  "bleu_avg": 0.6084121675336108,
  "rouge1_avg_f1": 0.9230769230769231,
  "rougeL_avg_f1": 0.9230769230769231,
  "levenshtein_avg": 10.0
}