{
  "model": "gemini-2.0-flash",
  "text": "In base all'articolo 157, comma 5, l'agente Giulia Costa ha riscontrato un'infrazione in Via Etnea 45, Catania alle ore 3:49 del 6 marzo 2025. Veicolo coinvolto: Volkswagen Golf, targa TR98U.",
  "reference": "In base al articolo 157, comma 5, l'agente Giulia Costa ha riscontrato un'infrazione in via Etnea 45, Catania alle ore 03:49 del 06/03/2025. Veicolo coinvolto: Volkswagen Golf, targa TR098YU.",
  "time": 18.465034013605443,
  "cost": 0.0006675691972789115,
  "wer": 0.27586206896551724,
  "cer": 0.07329842931937172,
  "bleu_avg": 0.5579817613446436,
  "rouge1_avg_f1": 0.8529411764705882,
  "rougeL_avg_f1": 0.8529411764705882,
  "levenshtein_avg": 14.0
}