{
  "model": "gemini-2.0-flash",
  "text": "Quali sono le ultime notizie sull'IRAI?",
  "reference": "quali sono le ultime notizie sulla rai",
  "time": 2.88,
  "cost": 0.000109376,
  "wer": 0.42857142857142855,
  "cer": 0.18421052631578946,
  "bleu_avg": 0.43012508513132625,
  "rouge1_avg_f1": 0.7142857142857143,
  "rougeL_avg_f1": 0.7142857142857143,
  "levenshtein_avg": 7.0
}