{
  "model": "gemini-2.0-flash",
  "text": "Che giorno è oggi?",
  "reference": "che giorno è oggi",
  "time": 2.38,
  "cost": 9.097599999999999e-05,
  "wer": 0.5,
  "cer": 0.11764705882352941,
  "bleu_avg": 0.16990442448471224,
  "rouge1_avg_f1": 1.0,
  "rougeL_avg_f1": 1.0,
  "levenshtein_avg": 2.0
}