{
  "model": "gemini-2.0-flash",
  "text": "Informazioni sul meteo di questa settimana.",
  "reference": "informazioni sul meteo di questa settimana",
  "time": 3.42,
  "cost": 0.000128384,
  "wer": 0.3333333333333333,
  "cer": 0.047619047619047616,
  "bleu_avg": 0.5081327481546147,
  "rouge1_avg_f1": 1.0,
  "rougeL_avg_f1": 1.0,
  "levenshtein_avg": 2.0
}