{
  "model": "gemini-2.0-flash",
  "text": "Tutte le mosse degli scacchi normali sono supportate?",
  "reference": "tutte le mosse degli scacchi normali sono supportate.",
  "time": 3.1320181405895693,
  "cost": 0.00011904703854875284,
  "wer": 0.25,
  "cer": 0.03773584905660377,
  "bleu_avg": 0.6803749333171202,
  "rouge1_avg_f1": 1.0,
  "rougeL_avg_f1": 1.0,
  "levenshtein_avg": 2.0
}