{
  "model": "gemini-1.5-pro",
  "text": "Nuova sveglia per le sei di mattina.\n",
  "reference": "nuova sveglia per le sei di mattina",
  "time": 3.36,
  "cost": 0.000717,
  "wer": 0.2857142857142857,
  "cer": 0.05714285714285714,
  "bleu_avg": 0.6147881529512643,
  "rouge1_avg_f1": 1.0,
  "rougeL_avg_f1": 1.0,
  "levenshtein_avg": 3.0
}