{
  "model": "gemini-1.5-flash",
  "text": "Il giorno 17 marzo 2025, alle ore 8:14 è stata segnalata un'infrazione per accesso vietato in via Roma 77, Palermo. Veicolo coinvolto: Volkswagen Golf, targa XY 987 ZT. Agente: Mario Rossi.\n",
  "reference": "Il giorno 17/03/2025, alle ore 08:14, è stata segnalata un’infrazione per accesso vietato in via Roma 77, Palermo. Veicolo coinvolto: Volkswagen Golf, targa XY987ZT. Agente: Mario Rossi.",
  "time": 20.424036281179138,
  "cost": 0.00025498843537414965,
  "wer": 0.2962962962962963,
  "cer": 0.06451612903225806,
  "bleu_avg": 0.51668538699127,
  "rouge1_avg_f1": 0.870967741935484,
  "rougeL_avg_f1": 0.870967741935484,
  "levenshtein_avg": 13.0
}