{
  "model": "gemini-2.0-flash",
  "text": "È considerato un nome in dubium.",
  "reference": "è considerato un \"nomen dubium\".",
  "time": 3.528027210884354,
  "cost": 0.00013218655782312925,
  "wer": 0.8,
  "cer": 0.15625,
  "bleu_avg": 0.08633400213704504,
  "rouge1_avg_f1": 0.6666666666666665,
  "rougeL_avg_f1": 0.6666666666666665,
  "levenshtein_avg": 5.0
}