{
  "model": "gemini-1.5-pro",
  "text": "Agente Sara Bellini in servizio. Segnalazione di doppia fila all'altezza T Hotel, Walter 2025 in via Napoli, Five, Napoli. Auto coinvolta, una Maserati, targa BO1320RP.\n",
  "reference": "Agente Sara Bellini in servizio. Segnalazione di doppia fila alle 08:13 del 12/03/2025, in via Napoli 5, Napoli. Auto coinvolta: BMW Serie 1, targa AB123CD.",
  "time": 15.619002267573697,
  "cost": 0.0032588004535147397,
  "wer": 0.48,
  "cer": 0.28205128205128205,
  "bleu_avg": 0.37305158515320674,
  "rouge1_avg_f1": 0.6666666666666666,
  "rougeL_avg_f1": 0.6666666666666666,
  "levenshtein_avg": 45.0
}