{
  "model": "gemini-2.0-flash",
  "text": "In base all'articolone 137, comma 5, l'agente Anna Bianchi ha riscontrato un'infrazione in corso Buenos Aires, Milano alle ore 13:15 del 4 2025. Veicolo coinvolto? Audi A3, targa A123.",
  "reference": "In base al articolo 157, comma 5, l'agente Anna Bianchi ha riscontrato un'infrazione in corso Buenos Aires 98, Milano alle ore 13:06 del 04/03/2025. Veicolo coinvolto: Audi A3, targa AB123CD.",
  "time": 19.906031746031747,
  "cost": 0.0007178923174603175,
  "wer": 0.3333333333333333,
  "cer": 0.09947643979057591,
  "bleu_avg": 0.4536797023564206,
  "rouge1_avg_f1": 0.7941176470588236,
  "rougeL_avg_f1": 0.7941176470588236,
  "levenshtein_avg": 19.0
}