{
  "model": "gemini-2.0-flash",
  "text": "In questo progetto musicale si intersecano sonorità elettroniche e sonorità acustiche.",
  "reference": "in questo progetto musicale si intersecano sonorità elettroniche e sonorità acustiche.",
  "time": 6.336009070294785,
  "cost": 0.00023302751927437642,
  "wer": 0.09090909090909091,
  "cer": 0.011627906976744186,
  "bleu_avg": 0.8931539818068694,
  "rouge1_avg_f1": 1.0,
  "rougeL_avg_f1": 1.0,
  "levenshtein_avg": 1.0
}