{
  "model": "gemini-2.0-flash",
  "text": "Solo la Marina militare italiana e la Royal Navy possiedono unità di questo tipo.",
  "reference": "solo la marina militare italiana e la royal navy possiedono unità di questo tipo..",
  "time": 5.832018140589569,
  "cost": 0.00021648703854875283,
  "wer": 0.35714285714285715,
  "cer": 0.06097560975609756,
  "bleu_avg": 0.3661926362999429,
  "rouge1_avg_f1": 1.0,
  "rougeL_avg_f1": 1.0,
  "levenshtein_avg": 5.0
}