{
  "model": "gemini-1.5-flash",
  "text": "E poi il dietro le quinte di Pinocchio e i pu- goliartici.\n",
  "reference": "e poi il dietro le quinte di \"pinocchio\" e i pooh goliardici.",
  "time": 8.856009070294785,
  "cost": 0.00011047210884353741,
  "wer": 0.3333333333333333,
  "cer": 0.13114754098360656,
  "bleu_avg": 0.46924700641055994,
  "rouge1_avg_f1": 0.8333333333333334,
  "rougeL_avg_f1": 0.8333333333333334,
  "levenshtein_avg": 9.0
}