{
  "model": "gemini-2.0-flash",
  "text": "Spiegami la nuova regola del fuorigioco.",
  "reference": "spiegami la nuova regola del fuorigioco",
  "time": 3.54,
  "cost": 0.000132608,
  "wer": 0.3333333333333333,
  "cer": 0.05128205128205128,
  "bleu_avg": 0.5081327481546147,
  "rouge1_avg_f1": 1.0,
  "rougeL_avg_f1": 1.0,
  "levenshtein_avg": 2.0
}