{
  "model": "gemini-1.5-pro",
  "text": "In base all'articolo 176/7 comma 5, l'agente Marco Gentili ha riscontrato un'infrazione in via Napoli 5, Napoli, alle ore 3:51 del 3/3/2025. Veicolo coinvolto: auto serie 1, targa KT3121N.\n",
  "reference": "In base al articolo 157, comma 5, l'agente Marco Gentili ha riscontrato un'infrazione in via Napoli 5, Napoli alle ore 03:51 del 03/03/2025. Veicolo coinvolto: BMW Serie 1, targa KL321MN.",
  "time": 18.850022675736962,
  "cost": 0.003925004535147393,
  "wer": 0.3,
  "cer": 0.0962566844919786,
  "bleu_avg": 0.4562357454701799,
  "rouge1_avg_f1": 0.7887323943661971,
  "rougeL_avg_f1": 0.7887323943661971,
  "levenshtein_avg": 19.0
}