{
  "model": "gemini-1.5-pro",
  "text": "27 marzo 2025, ore 7:32, veicolo BMW Serie 1, targa FG 234 LM, in accesso vietato presso Piazza Venezia, Roma, rilevato da agente Mario Rossi.\n",
  "reference": "27/03/2025, ore 07:32: veicolo BMW Serie 1, targa FG234LM, in accesso vietato presso piazza Venezia, Roma. Rilevato da agente Mario Rossi.",
  "time": 16.056009070294785,
  "cost": 0.0033462018140589566,
  "wer": 0.47619047619047616,
  "cer": 0.10144927536231885,
  "bleu_avg": 0.34295479618200586,
  "rouge1_avg_f1": 0.8400000000000001,
  "rougeL_avg_f1": 0.8400000000000001,
  "levenshtein_avg": 15.0
}