{
  "model": "gemini-1.5-pro",
  "text": "Fu collaboratore di numerosi giornali, fra cui il *Journal des débats*.\n",
  "reference": "fu collaboratore di numerosi giornali, fra cui il \"journal des débats\".",
  "time": 5.796009070294785,
  "cost": 0.0012242018140589568,
  "wer": 0.2727272727272727,
  "cer": 0.056338028169014086,
  "bleu_avg": 0.5900468726392808,
  "rouge1_avg_f1": 1.0,
  "rougeL_avg_f1": 1.0,
  "levenshtein_avg": 5.0
}