{
  "model": "gemini-2.0-flash",
  "text": "Sono l'agente Silvia Neri, alle ore 5:42 del 10 marzo 2025, ho rilevato un'infrazione per parcheggio su strisce pedonali in Via Etnea 45, Catania, veicolo, Mercedes classe A, targa XY987ZT.",
  "reference": "Sono l'agente Silvia Neri. Alle ore 05:42 del 10/03/2025, ho rilevato un'infrazione per parcheggio su strisce pedonali in via Etnea 45, Catania. Veicolo: Mercedes Classe A, targa XY987ZT.",
  "time": 19.34403628117914,
  "cost": 0.0006985100770975057,
  "wer": 0.35714285714285715,
  "cer": 0.08021390374331551,
  "bleu_avg": 0.38223593598574,
  "rouge1_avg_f1": 0.9393939393939394,
  "rougeL_avg_f1": 0.9393939393939394,
  "levenshtein_avg": 15.0
}