{
  "model": "gemini-2.0-flash-lite",
  "text": "Il lupo fu rapidissimo.\n",
  "reference": "lo sviluppo fu rapidissimo.",
  "time": 3.9960090702947846,
  "cost": 4.975210884353741e-05,
  "wer": 0.5,
  "cer": 0.2222222222222222,
  "bleu_avg": 0.16990442448471224,
  "rouge1_avg_f1": 0.5,
  "rougeL_avg_f1": 0.5,
  "levenshtein_avg": 7.0
}