{
  "model": "gemini-2.0-flash",
  "text": "Verbale di infrazione redatto dall'agente Marco Gentili. Data 17/2025, ora 19:09. Infrazione doppia fila. Luogo Piazza Venezia, Roma. Veicolo Volkswagen Golf, targa F 134.",
  "reference": "Verbale di infrazione redatto dall'agente Marco Gentili. Data: 15/03/2025, ora: 19:01. Infrazione: doppia fila. Luogo: piazza Venezia, Roma. Veicolo: Volkswagen Golf, targa FG234LM.",
  "time": 18.40503401360544,
  "cost": 0.0006630571972789115,
  "wer": 0.43478260869565216,
  "cer": 0.08287292817679558,
  "bleu_avg": 0.338796999974464,
  "rouge1_avg_f1": 0.8518518518518519,
  "rougeL_avg_f1": 0.8518518518518519,
  "levenshtein_avg": 15.0
}