{
  "model": "gemini-1.5-flash",
  "text": "L'anno seguente tornò nuovamente nello Jonka.\n",
  "reference": "l'anno seguente, tornò nuovamente nello honka.",
  "time": 4.14,
  "cost": 5.207999999999999e-05,
  "wer": 0.5,
  "cer": 0.06521739130434782,
  "bleu_avg": 0.20205155046766235,
  "rouge1_avg_f1": 0.8571428571428571,
  "rougeL_avg_f1": 0.8571428571428571,
  "levenshtein_avg": 4.0
}