{
  "model": "gemini-2.0-flash-lite",
  "text": "esco a malapena a sentirti.\n",
  "reference": "riesco a malapena a sentirti",
  "time": 2.4,
  "cost": 3.09e-05,
  "wer": 0.4,
  "cer": 0.10714285714285714,
  "bleu_avg": 0.26591479484724945,
  "rouge1_avg_f1": 0.8000000000000002,
  "rougeL_avg_f1": 0.8000000000000002,
  "levenshtein_avg": 4.0
}