{
  "model": "gemini-2.0-flash",
  "text": "Nel Duecento il territorio passò in gestione Arieti.",
  "reference": "nel duecento il territorio passò in gestione a rieti.",
  "time": 6.336009070294785,
  "cost": 0.00023182751927437642,
  "wer": 0.4444444444444444,
  "cer": 0.07547169811320754,
  "bleu_avg": 0.45622720708659226,
  "rouge1_avg_f1": 0.823529411764706,
  "rougeL_avg_f1": 0.823529411764706,
  "levenshtein_avg": 4.0
}