{
  "model": "gemini-1.5-flash",
  "text": "Gli uomini di Augeraù scomparvero in una turbina bianca.\n",
  "reference": "gli uomini di augereau scomparvero in una turbina bianca.",
  "time": 5.796009070294785,
  "cost": 7.285210884353741e-05,
  "wer": 0.2222222222222222,
  "cer": 0.07017543859649122,
  "bleu_avg": 0.5133450480401704,
  "rouge1_avg_f1": 0.8888888888888888,
  "rougeL_avg_f1": 0.8888888888888888,
  "levenshtein_avg": 5.0
}