{
  "model": "gemini-2.0-flash",
  "text": "Il giorno 17 marzo 2025, alle ore 8:14, è stata segnalata un'infrazione per accesso vietato in Via Roma 77, Palermo, veicolo coinvolto, Volkswagen Golf, targa XY987ZT, agente, Mario Rossi.",
  "reference": "Il giorno 17/03/2025, alle ore 08:14, è stata segnalata un’infrazione per accesso vietato in via Roma 77, Palermo. Veicolo coinvolto: Volkswagen Golf, targa XY987ZT. Agente: Mario Rossi.",
  "time": 20.424036281179138,
  "cost": 0.0007361260770975056,
  "wer": 0.4074074074074074,
  "cer": 0.08602150537634409,
  "bleu_avg": 0.19306698300385472,
  "rouge1_avg_f1": 0.9333333333333333,
  "rougeL_avg_f1": 0.9333333333333333,
  "levenshtein_avg": 16.0
}