{
  "model": "gemini-2.0-flash-lite",
  "text": "Tutte le mosse degli scacchi normali sono supportate.\n",
  "reference": "tutte le mosse degli scacchi normali sono supportate.",
  "time": 3.1320181405895693,
  "cost": 4.058421768707483e-05,
  "wer": 0.125,
  "cer": 0.018867924528301886,
  "bleu_avg": 0.8408964152537145,
  "rouge1_avg_f1": 1.0,
  "rougeL_avg_f1": 1.0,
  "levenshtein_avg": 2.0
}