{
  "model": "gemini-2.0-flash",
  "text": "Sono l'agente Carlo Bruni, alle ore 15:03 del 24 marzo 2025. Ho rilevato un'infrazione per sosta davanti a passo carrabile in Via Etnea 45. Catania, veicolo, Volkswagen Golf, targa TR98U.",
  "reference": "Sono l'agente Carlo Bruni. Alle ore 15:03 del 24/03/2025, ho rilevato un'infrazione per sosta davanti a passo carrabile in via Etnea 45, Catania. Veicolo: Volkswagen Golf, targa TR098YU.",
  "time": 18.456009070294783,
  "cost": 0.0006672515192743763,
  "wer": 0.39285714285714285,
  "cer": 0.0967741935483871,
  "bleu_avg": 0.3946825811316049,
  "rouge1_avg_f1": 0.9393939393939394,
  "rougeL_avg_f1": 0.9393939393939394,
  "levenshtein_avg": 18.0
}