{
  "model": "gemini-1.5-pro",
  "text": "13 marzo 2025, ore 3:56, veicolo Renault Clio, targa KL321 Meganewton, in parcheggio su strisce pedonali presso Corso Buenos Aires 98, Milano, rilevato da agente Sarabellini.\n",
  "reference": "13/03/2025, ore 03:56: veicolo Renault Clio, targa KL321MN, in parcheggio su strisce pedonali presso corso Buenos Aires 98, Milano. Rilevato da agente Sara Bellini.",
  "time": 17.02299319727891,
  "cost": 0.003544598639455782,
  "wer": 0.4583333333333333,
  "cer": 0.14634146341463414,
  "bleu_avg": 0.3423375720396189,
  "rouge1_avg_f1": 0.8148148148148148,
  "rougeL_avg_f1": 0.8148148148148148,
  "levenshtein_avg": 25.0
}