{
  "model": "gemini-1.5-pro",
  "text": "17 marzo 2025, ore 15:18, veicolo Renault Clio, targa ZA456QP, in doppia fila presso Via del Corso 12, Roma, rilevato da agente Anna Bianchi.\n",
  "reference": "17/03/2025, ore 15:18: veicolo Renault Clio, targa ZA456QP, in doppia fila presso via del Corso 12, Roma. Rilevato da agente Anna Bianchi.",
  "time": 14.662993197278912,
  "cost": 0.0030625986394557823,
  "wer": 0.3181818181818182,
  "cer": 0.07971014492753623,
  "bleu_avg": 0.4962806188414642,
  "rouge1_avg_f1": 0.96,
  "rougeL_avg_f1": 0.96,
  "levenshtein_avg": 12.0
}