{
  "model": "gemini-1.5-flash",
  "text": "È doppiato in inglese da Andy Davoli.\n",
  "reference": "è doppiato in inglese da andy davoli.",
  "time": 2.628027210884354,
  "cost": 3.4236326530612244e-05,
  "wer": 0.42857142857142855,
  "cer": 0.08108108108108109,
  "bleu_avg": 0.41113361690051975,
  "rouge1_avg_f1": 1.0,
  "rougeL_avg_f1": 1.0,
  "levenshtein_avg": 4.0
}