{
  "model": "gemini-1.5-pro",
  "text": "Durante il pattugliamento in zona via Garibaldi 11, Firenze, l'agente Carlo Bruni ha rilevato una violazione dell'articolo 157, comma 5. L'auto coinvolta è una Renault Clio targata KL321MN. Alle ore 22:41 del 9 marzo 2025.\n",
  "reference": "Durante il pattugliamento in zona via Garibaldi 11, Firenze, l'agente Carlo Bruni ha rilevato una violazione del articolo 157, comma 5. L'auto coinvolta è una Renault Clio targata KL321MN, alle ore 22:41 del 09/03/2025.",
  "time": 22.23201814058957,
  "cost": 0.0046314036281179145,
  "wer": 0.20588235294117646,
  "cer": 0.0547945205479452,
  "bleu_avg": 0.7248190088781232,
  "rouge1_avg_f1": 0.9210526315789473,
  "rougeL_avg_f1": 0.9210526315789473,
  "levenshtein_avg": 13.0
}