{
  "model": "gemini-1.5-pro",
  "text": "Mando un'email a Carla.\n",
  "reference": "manda un'email a carla",
  "time": 1.98,
  "cost": 0.00042600000000000005,
  "wer": 0.5,
  "cer": 0.18181818181818182,
  "bleu_avg": 0.16990442448471224,
  "rouge1_avg_f1": 0.8000000000000002,
  "rougeL_avg_f1": 0.8000000000000002,
  "levenshtein_avg": 5.0
}