{
  "model": "gemini-1.5-flash",
  "text": "Sono l'agente Anna Bianchi. Alle ore 00:16 del 14 marzo 2025 ho rilevato un'infrazione per parcheggio su strisce pedonali in via Milano 24, Torino. Veicolo: Volkswagen Golf, targa FG 234 L M.\n",
  "reference": "Sono l'agente Anna Bianchi. Alle ore 00:16 del 14/03/2025, ho rilevato un'infrazione per parcheggio su strisce pedonali in via Milano 24, Torino. Veicolo: Volkswagen Golf, targa FG234LM.",
  "time": 16.098004535147393,
  "cost": 0.0002033760544217687,
  "wer": 0.25925925925925924,
  "cer": 0.05913978494623656,
  "bleu_avg": 0.7180463086321535,
  "rouge1_avg_f1": 0.8955223880597014,
  "rougeL_avg_f1": 0.8955223880597014,
  "levenshtein_avg": 12.0
}