{
  "model": "gemini-2.0-flash",
  "text": "Sono l'agente Carlo Bruni, alle ore 13:52 dell'8 marzo 2025. Ho rilevato un'infrazione per parcheggio su strisce pedonali in Via Garibaldi 11. Firenze, veicolo Volkswagen Golf, targa FG 234 LR.",
  "reference": "Sono l'agente Carlo Bruni. Alle ore 13:52 del 08/03/2025, ho rilevato un'infrazione per parcheggio su strisce pedonali in via Garibaldi 11, Firenze. Veicolo: Volkswagen Golf, targa FG234LM.",
  "time": 18.936009070294784,
  "cost": 0.0006841475192743764,
  "wer": 0.48148148148148145,
  "cer": 0.1111111111111111,
  "bleu_avg": 0.33374308620679577,
  "rouge1_avg_f1": 0.8484848484848485,
  "rougeL_avg_f1": 0.8484848484848485,
  "levenshtein_avg": 21.0
}