{
  "model": "gemini-1.5-flash",
  "text": "Durante il pattugliamento in zona Corso Buenos Aires 98, Milano, l'agente Giulia Costa ha rilevato una violazione dell'articolo 7, 15. L'auto coinvolta è una BMW serie 1 targata XY 9987 ZT, alle ore 9:15 del 12 marzo 2025.\n",
  "reference": "Durante il pattugliamento in zona corso Buenos Aires 98, Milano, l'agente Giulia Costa ha rilevato una violazione del articolo 7, comma 15. L'auto coinvolta è una BMW Serie 1 targata XY987ZT, alle ore 09:15 del 12/03/2025.",
  "time": 18.61002267573696,
  "cost": 0.00023532027210884353,
  "wer": 0.3333333333333333,
  "cer": 0.0945945945945946,
  "bleu_avg": 0.5125912622298336,
  "rouge1_avg_f1": 0.8641975308641976,
  "rougeL_avg_f1": 0.8641975308641976,
  "levenshtein_avg": 22.0
}