{
  "model": "gemini-2.0-flash",
  "text": "Ehi, puoi abbassare le luci, per favore?",
  "reference": "ehi puoi abbassare le luci per favore",
  "time": 2.7,
  "cost": 0.00010344000000000001,
  "wer": 0.42857142857142855,
  "cer": 0.10810810810810811,
  "bleu_avg": 0.17567205239427922,
  "rouge1_avg_f1": 1.0,
  "rougeL_avg_f1": 1.0,
  "levenshtein_avg": 4.0
}