{
  "model": "gemini-1.5-pro",
  "text": "19 marzo 2025, ore 9:54, veicolo Mercedes Classe A, targa XY987ZT, in doppia fila presso via Milano 24, Torino. Rilevato da agente Luca Verdi.\n",
  "reference": "19/03/2025, ore 09:54: veicolo Mercedes Classe A, targa XY987ZT, in doppia fila presso via Milano 24, Torino. Rilevato da agente Luca Verdi.",
  "time": 16.82403628117914,
  "cost": 0.003494807256235828,
  "wer": 0.18181818181818182,
  "cer": 0.06428571428571428,
  "bleu_avg": 0.7871773473399102,
  "rouge1_avg_f1": 0.92,
  "rougeL_avg_f1": 0.92,
  "levenshtein_avg": 10.0
}