{
  "model": "gemini-1.5-pro",
  "text": "Quali sono le ultime notizie sulla Rai?\n",
  "reference": "quali sono le ultime notizie sulla rai",
  "time": 2.88,
  "cost": 0.000621,
  "wer": 0.2857142857142857,
  "cer": 0.07894736842105263,
  "bleu_avg": 0.6147881529512643,
  "rouge1_avg_f1": 1.0,
  "rougeL_avg_f1": 1.0,
  "levenshtein_avg": 4.0
}