{
  "model": "gemini-2.0-flash",
  "text": "Durante il pattugliamento in zona Piazza Venezia, Roma, l'agente Luca Verdi ha rilevato una violazione dell'articolo 158A comma 2. L'auto coinvolta è una Audi targata con 456F alle ore 3:54 del 4/3/2025.",
  "reference": "Durante il pattugliamento in zona piazza Venezia, Roma, l'agente Luca Verdi ha rilevato una violazione del articolo 158, comma 2. L'auto coinvolta è una Audi A3 targata CD456EF, alle ore 03:54 del 14/03/2025.",
  "time": 19.36204081632653,
  "cost": 0.0006999438367346939,
  "wer": 0.2727272727272727,
  "cer": 0.07692307692307693,
  "bleu_avg": 0.5437660574883798,
  "rouge1_avg_f1": 0.8108108108108109,
  "rougeL_avg_f1": 0.8108108108108109,
  "levenshtein_avg": 16.0
}