{
  "model": "gemini-2.0-flash-lite",
  "text": "Fa parte del canone delle fonti più antiche dello slavo ecclesiastico antico.\n",
  "reference": "fa parte del canone delle fonti più antiche dello slavo ecclesiastico antico.",
  "time": 4.9320181405895696,
  "cost": 6.338421768707483e-05,
  "wer": 0.08333333333333333,
  "cer": 0.012987012987012988,
  "bleu_avg": 0.9036020036098448,
  "rouge1_avg_f1": 1.0,
  "rougeL_avg_f1": 1.0,
  "levenshtein_avg": 2.0
}