{
  "model": "gemini-2.0-flash-lite",
  "text": "Agente Mario Rossi in servizio. Segnalazione di divieto di sosta alle 23:48 del 5 marzo 2025. In via Roma 77, Palermo, auto coinvolta, Fiat Panda, targa FG234LM.",
  "reference": "Agente Mario Rossi in servizio. Segnalazione di divieto di sosta alle 23:48 del 05/03/2025, in via Roma 77, Palermo. Auto coinvolta: Fiat Panda, targa FG234LM.",
  "time": 14.871020408163265,
  "cost": 0.00018715224489795917,
  "wer": 0.28,
  "cer": 0.08176100628930817,
  "bleu_avg": 0.59378308100735,
  "rouge1_avg_f1": 0.9285714285714286,
  "rougeL_avg_f1": 0.9285714285714286,
  "levenshtein_avg": 13.0
}