{
  "model": "gemini-1.5-pro",
  "text": "Sono l'agente Silvia Neri, alle ore 6:19 del 19 marzo 2025. Ho rilevato un'infrazione per divieto di sosta in via Napoli 5, Napoli. Veicolo Renault Clio, targa CD456F.\n",
  "reference": "Sono l'agente Silvia Neri. Alle ore 06:19 del 19/03/2025, ho rilevato un'infrazione per divieto di sosta in via Napoli 5, Napoli. Veicolo: Renault Clio, targa CD456EF.",
  "time": 15.92,
  "cost": 0.003334,
  "wer": 0.34615384615384615,
  "cer": 0.08383233532934131,
  "bleu_avg": 0.4671778989333441,
  "rouge1_avg_f1": 0.9032258064516129,
  "rougeL_avg_f1": 0.9032258064516129,
  "levenshtein_avg": 15.0
}