{
  "model": "gemini-2.0-flash-lite",
  "text": "27 marzo 2025, ore 7:32, veicolo BMW serie 1, targa FG234LM, in accesso vietato presso Piazza Venezia, Roma, rilevato da agente Mario Rossi.\n",
  "reference": "27/03/2025, ore 07:32: veicolo BMW Serie 1, targa FG234LM, in accesso vietato presso piazza Venezia, Roma. Rilevato da agente Mario Rossi.",
  "time": 16.056009070294785,
  "cost": 0.0002001721088435374,
  "wer": 0.38095238095238093,
  "cer": 0.09420289855072464,
  "bleu_avg": 0.3964513253420688,
  "rouge1_avg_f1": 0.9166666666666666,
  "rougeL_avg_f1": 0.9166666666666666,
  "levenshtein_avg": 14.0
}