{
  "model": "gemini-2.0-flash",
  "text": "Si ritiene che la femmina dia alla luce un unico piccolo.",
  "reference": "si ritiene che la femmina dia alla luce un unico piccolo.",
  "time": 6.948027210884354,
  "cost": 0.00025457055782312924,
  "wer": 0.09090909090909091,
  "cer": 0.017543859649122806,
  "bleu_avg": 0.8931539818068694,
  "rouge1_avg_f1": 1.0,
  "rougeL_avg_f1": 1.0,
  "levenshtein_avg": 1.0
}