{
  "model": "gemini-2.0-flash",
  "text": "Ho una sveglia impostata per domani mattina.",
  "reference": "ho una sveglia impostata per domani mattina",
  "time": 3.96,
  "cost": 0.000147792,
  "wer": 0.2857142857142857,
  "cer": 0.046511627906976744,
  "bleu_avg": 0.6147881529512643,
  "rouge1_avg_f1": 1.0,
  "rougeL_avg_f1": 1.0,
  "levenshtein_avg": 2.0
}