{
  "model": "gemini-2.0-flash",
  "text": "20 e 18 20 20, ore 10, evento veicolo bomb serieone, targa 134, in sosta davanti a passo carrabile presso Corso Buenos Aires, 90 età, Milano. Rilevato da agente Anna Bianchi.",
  "reference": "28/03/2025, ore 10:11: veicolo BMW Serie 1, targa FG234LM, in sosta davanti a passo carrabile presso corso Buenos Aires 98, Milano. Rilevato da agente Anna Bianchi.",
  "time": 16.898004535147393,
  "cost": 0.0006128097596371882,
  "wer": 0.5769230769230769,
  "cer": 0.22560975609756098,
  "bleu_avg": 0.3534156642122564,
  "rouge1_avg_f1": 0.6666666666666667,
  "rougeL_avg_f1": 0.6666666666666667,
  "levenshtein_avg": 37.0
}