{
  "model": "gemini-1.5-flash",
  "text": "Trova l'ultimo podcast della Disney.\n",
  "reference": "trova l ultimo podcast della disney",
  "time": 3.12,
  "cost": 3.9540000000000004e-05,
  "wer": 0.6666666666666666,
  "cer": 0.11428571428571428,
  "bleu_avg": 0.09302577375697234,
  "rouge1_avg_f1": 1.0,
  "rougeL_avg_f1": 1.0,
  "levenshtein_avg": 5.0
}