{
  "model": "gemini-1.5-pro",
  "text": "Insieme hanno formato una coppia instancabile ed inossidabile.\n",
  "reference": "insieme hanno formato una coppia instancabile ed inossidabile.",
  "time": 5.076009070294784,
  "cost": 0.0010652018140589567,
  "wer": 0.125,
  "cer": 0.016129032258064516,
  "bleu_avg": 0.8408964152537145,
  "rouge1_avg_f1": 1.0,
  "rougeL_avg_f1": 1.0,
  "levenshtein_avg": 2.0
}