{
  "model": "gemini-2.0-flash",
  "text": "In base all'articolone 157, comma 5, l'agente Sara Bellini ha riscontrato un'infrazione in Via Milano 24, Torino alle ore 21:21 del 5/3/2025. Veicolo coinvolto, Fiat Panda targa 3000 ETY.",
  "reference": "In base al articolo 157, comma 5, l'agente Sara Bellini ha riscontrato un'infrazione in via Milano 24, Torino alle ore 21:21 del 05/03/2025. Veicolo coinvolto: Fiat Panda, targa TR098YU.",
  "time": 19.330022675736963,
  "cost": 0.000697616798185941,
  "wer": 0.27586206896551724,
  "cer": 0.08602150537634409,
  "bleu_avg": 0.5451253642727265,
  "rouge1_avg_f1": 0.8405797101449276,
  "rougeL_avg_f1": 0.8405797101449276,
  "levenshtein_avg": 16.0
}