{
  "model": "gemini-2.0-flash-lite",
  "text": "31 marzo 2025, ore 9:31, veicolo Toyota Yaris, targa AB 123 CD, in divieto di sosta presso via Garibaldi 11, Firenze, rilevato da agente Carlo Bruni.\n",
  "reference": "31/03/2025, ore 09:31: veicolo Toyota Yaris, targa AB123CD, in divieto di sosta presso via Garibaldi 11, Firenze. Rilevato da agente Carlo Bruni.",
  "time": 15.144036281179138,
  "cost": 0.00019012843537414968,
  "wer": 0.4090909090909091,
  "cer": 0.0896551724137931,
  "bleu_avg": 0.4556794776992747,
  "rouge1_avg_f1": 0.8461538461538461,
  "rougeL_avg_f1": 0.8461538461538461,
  "levenshtein_avg": 14.0
}