{
  "model": "gemini-1.5-pro",
  "text": "Agente Giulia Costa in servizio. Segnalazione di accesso vietato alle 3:02 del 18 marzo 2025 in via Etnea 45, Catania. Auto coinvolte: Opel Corsa, targa CV456RS.\n",
  "reference": "Agente Giulia Costa in servizio. Segnalazione di accesso vietato alle 03:02 del 18/03/2025, in via Etnea 45, Catania. Auto coinvolta: Opel Corsa, targa CD456EF.",
  "time": 18.441995464852607,
  "cost": 0.003828399092970521,
  "wer": 0.25,
  "cer": 0.08125,
  "bleu_avg": 0.583526016818016,
  "rouge1_avg_f1": 0.8518518518518519,
  "rougeL_avg_f1": 0.8518518518518519,
  "levenshtein_avg": 14.0
}