{
  "model": "gemini-2.0-flash",
  "text": "Le sue pretese furono vane quando il cugino Vincenzo Gonzaga sposò Maria Vittoria Gonzaga.",
  "reference": "le sue pretese furono vane quando il cugino vincenzo gonzaga sposò maria vittoria gonzaga.",
  "time": 6.192018140589569,
  "cost": 0.00022915903854875283,
  "wer": 0.42857142857142855,
  "cer": 0.06666666666666667,
  "bleu_avg": 0.44710186192584195,
  "rouge1_avg_f1": 1.0,
  "rougeL_avg_f1": 1.0,
  "levenshtein_avg": 6.0
}