{
  "model": "gemini-2.0-flash",
  "text": "Agente Luca Verdi in servizio. Segnalazione di accesso vietato alle 19:56 del 17 marzo 2025 in Via Etnea 45, Catania, auto coinvolta, Renault Clio, targa XY 987 ZT.",
  "reference": "Agente Luca Verdi in servizio. Segnalazione di accesso vietato alle 19:56 del 17/03/2025, in via Etnea 45, Catania. Auto coinvolta: Renault Clio, targa XY987ZT.",
  "time": 18.408027210884352,
  "cost": 0.0006647625578231292,
  "wer": 0.4166666666666667,
  "cer": 0.0875,
  "bleu_avg": 0.47467913885027985,
  "rouge1_avg_f1": 0.8928571428571429,
  "rougeL_avg_f1": 0.8928571428571429,
  "levenshtein_avg": 14.0
}