{
  "model": "gemini-1.5-flash",
  "text": "In base all'articolo 7 comma 1, l'agente Giulia Costa ha riscontrato un'infrazione in Via Garibaldi 11, Firenze, alle ore 20:25. Veicolo coinvolto: Volkswagen, targa KT 830 HN.\n",
  "reference": "In base al articolo 7, comma 15, l'agente Giulia Costa ha riscontrato un'infrazione in via Garibaldi 11, Firenze alle ore 04:49 del 14/03/2025. Veicolo coinvolto: Volkswagen Golf, targa KL321MN.",
  "time": 18.466031746031746,
  "cost": 0.00023029238095238097,
  "wer": 0.4827586206896552,
  "cer": 0.17525773195876287,
  "bleu_avg": 0.278341316483657,
  "rouge1_avg_f1": 0.7384615384615385,
  "rougeL_avg_f1": 0.7384615384615385,
  "levenshtein_avg": 35.0
}