{
  "model": "gemini-2.0-flash-lite",
  "text": "Agente Giulia Costa in servizio. Segnalazione di divieto di sosta al Leone, fiorone del 33, in via Garibaldi, Firenze. Auto coinvolta, Fiat Panda, targa 23.",
  "reference": "Agente Giulia Costa in servizio. Segnalazione di divieto di sosta alle 01:51 del 30/03/2025, in via Garibaldi 11, Firenze. Auto coinvolta: Fiat Panda, targa AB123CD.",
  "time": 15.71501133786848,
  "cost": 0.0001966801360544218,
  "wer": 0.32,
  "cer": 0.18181818181818182,
  "bleu_avg": 0.4694222382938492,
  "rouge1_avg_f1": 0.7547169811320756,
  "rougeL_avg_f1": 0.7547169811320756,
  "levenshtein_avg": 30.0
}