{
  "model": "gemini-1.5-flash",
  "text": "Duncan Walker.\n",
  "reference": "duncan walker",
  "time": 3.4560090702947845,
  "cost": 4.2672108843537415e-05,
  "wer": 1.0,
  "cer": 0.23076923076923078,
  "bleu_avg": 0.0,
  "rouge1_avg_f1": 1.0,
  "rougeL_avg_f1": 1.0,
  "levenshtein_avg": 4.0
}