{
  "model": "gemini-2.0-flash",
  "text": "Tutte le funzioni del corpo sono notevolmente ridotte in questo stato.",
  "reference": "tutte le funzioni del corpo sono notevolmente ridotte in questo stato.",
  "time": 5.076009070294784,
  "cost": 0.0001886755192743764,
  "wer": 0.09090909090909091,
  "cer": 0.014285714285714285,
  "bleu_avg": 0.8931539818068694,
  "rouge1_avg_f1": 1.0,
  "rougeL_avg_f1": 1.0,
  "levenshtein_avg": 1.0
}