{
  "model": "gemini-1.5-flash",
  "text": "Verbale di infrazione redatto dall'agente Carlo Bruni. Data: 17 marzo 2025. Ora: 14:52. Infrazione: doppia fila. Luogo: Piazza Venezia, Roma. Veicolo: Volkswagen Golf, targa CD 456 F.\n",
  "reference": "Verbale di infrazione redatto dall'agente Carlo Bruni. Data: 17/03/2025, ora: 14:52. Infrazione: doppia fila. Luogo: piazza Venezia, Roma. Veicolo: Volkswagen Golf, targa CD456EF.",
  "time": 20.784036281179137,
  "cost": 0.00025810843537414966,
  "wer": 0.34782608695652173,
  "cer": 0.0670391061452514,
  "bleu_avg": 0.5534547808908095,
  "rouge1_avg_f1": 0.8928571428571429,
  "rougeL_avg_f1": 0.8928571428571429,
  "levenshtein_avg": 13.0
}