{
  "model": "gemini-2.0-flash-lite",
  "text": "Infrazione riscontrata: sosta davanti a passo carrabile. Posizione: via Napoli 5, Napoli. Ora: 20:38. Data: 14 marzo 2025. Auto: Renault Clio. Targa: KL321MN. Agente: Mario Rossi.",
  "reference": "Infrazione riscontrata: sosta davanti a passo carrabile. Posizione: via Napoli 5, Napoli. Ora: 20:38, Data: 14/03/2025. Auto: Renault Clio, targa KL321MN. Agente: Mario Rossi.",
  "time": 21.92798185941043,
  "cost": 0.00027153578231292516,
  "wer": 0.25,
  "cer": 0.06285714285714286,
  "bleu_avg": 0.5975969817602502,
  "rouge1_avg_f1": 0.9629629629629629,
  "rougeL_avg_f1": 0.9629629629629629,
  "levenshtein_avg": 11.0
}