{
  "model": "gemini-2.0-flash-lite",
  "text": "Durante il pattugliamento in zona via Milano 24, Torino, l'agente Carlo Bruni ha rilevato una violazione dell'articolo 7, comma 15. L'auto coinvolta è una Mercedes classe A targata XY987ZT alle ore 8:13 del 5 marzo 2025.\n",
  "reference": "Durante il pattugliamento in zona via Milano 24, Torino, l'agente Carlo Bruni ha rilevato una violazione del articolo 7, comma 15. L'auto coinvolta è una Mercedes Classe A targata XY987ZT, alle ore 08:13 del 05/03/2025.",
  "time": 17.885986394557822,
  "cost": 0.00022603183673469387,
  "wer": 0.22857142857142856,
  "cer": 0.0593607305936073,
  "bleu_avg": 0.6488392066244492,
  "rouge1_avg_f1": 0.8974358974358975,
  "rougeL_avg_f1": 0.8974358974358975,
  "levenshtein_avg": 14.0
}