{
  "model": "gemini-1.5-pro",
  "text": "Nel Duecento il territorio passò in gestione a Rieti.\n",
  "reference": "nel duecento il territorio passò in gestione a rieti.",
  "time": 6.336009070294785,
  "cost": 0.001322201814058957,
  "wer": 0.3333333333333333,
  "cer": 0.05660377358490566,
  "bleu_avg": 0.5873949094699213,
  "rouge1_avg_f1": 1.0,
  "rougeL_avg_f1": 1.0,
  "levenshtein_avg": 4.0
}