{
  "model": "gemini-2.0-flash",
  "text": "Occorre notare la costante presenza di un elemento irrazionale nel fenomeno bellico.",
  "reference": "occorre notare la costante presenza di un elemento irrazionale nel fenomeno bellico.",
  "time": 5.976009070294785,
  "cost": 0.00022075551927437642,
  "wer": 0.08333333333333333,
  "cer": 0.011904761904761904,
  "bleu_avg": 0.9036020036098448,
  "rouge1_avg_f1": 1.0,
  "rougeL_avg_f1": 1.0,
  "levenshtein_avg": 1.0
}