{
  "model": "gemini-1.5-pro",
  "text": "Sono l'agente Silvia Neri, alle ore 5:42 del 10 marzo 2025. Ho rilevato un'infrazione per parcheggio su strisce pedonali in via Etnea 45, Catania. Veicolo Mercedes Classe A, targa XY987ZT.\n",
  "reference": "Sono l'agente Silvia Neri. Alle ore 05:42 del 10/03/2025, ho rilevato un'infrazione per parcheggio su strisce pedonali in via Etnea 45, Catania. Veicolo: Mercedes Classe A, targa XY987ZT.",
  "time": 19.34403628117914,
  "cost": 0.004028807256235828,
  "wer": 0.2857142857142857,
  "cer": 0.06951871657754011,
  "bleu_avg": 0.5439861200857224,
  "rouge1_avg_f1": 0.9393939393939394,
  "rougeL_avg_f1": 0.9393939393939394,
  "levenshtein_avg": 14.0
}