{
  "model": "gemini-1.5-pro",
  "text": "Mi hanno promosso oggi, che bellezza!\n",
  "reference": "mi hanno promosso oggi che bellezza",
  "time": 3.7546938775510204,
  "cost": 0.000790938775510204,
  "wer": 0.5,
  "cer": 0.08571428571428572,
  "bleu_avg": 0.09554427922043669,
  "rouge1_avg_f1": 1.0,
  "rougeL_avg_f1": 1.0,
  "levenshtein_avg": 4.0
}