{
  "model": "gemini-1.5-pro",
  "text": "Durante il pattugliamento in zona via Roma 77, Palermo, l'agente Giulia Costa ha rilevato una violazione dell'articolo 158, comma 2. L'auto coinvolta è una Renault Clio targata GH789IE, alle ore 18:00 del 30 marzo 2025.\n",
  "reference": "Durante il pattugliamento in zona via Roma 77, Palermo, l'agente Giulia Costa ha rilevato una violazione del articolo 158, comma 2. L'auto coinvolta è una Renault Clio targata GH789IJ, alle ore 18:00 del 30/03/2025.",
  "time": 20.23201814058957,
  "cost": 0.0042314036281179135,
  "wer": 0.17647058823529413,
  "cer": 0.046511627906976744,
  "bleu_avg": 0.7549638711508062,
  "rouge1_avg_f1": 0.9210526315789473,
  "rougeL_avg_f1": 0.9210526315789473,
  "levenshtein_avg": 11.0
}