{
  "model": "gemini-1.5-flash",
  "text": "Infrazione riscontrata. Sosta davanti a passo carrabile. Posizione: Via Napoli 5, Napoli. Ora: 20:38. Data: 14 marzo 2025. Auto: Renault Clio. Targa: KL 321 MEGA NEWTON. Agente: Mario Rossi.\n",
  "reference": "Infrazione riscontrata: sosta davanti a passo carrabile. Posizione: via Napoli 5, Napoli. Ora: 20:38, Data: 14/03/2025. Auto: Renault Clio, targa KL321MN. Agente: Mario Rossi.",
  "time": 21.92798185941043,
  "cost": 0.0002724357823129252,
  "wer": 0.5416666666666666,
  "cer": 0.14285714285714285,
  "bleu_avg": 0.2666090188234886,
  "rouge1_avg_f1": 0.8771929824561403,
  "rougeL_avg_f1": 0.8771929824561403,
  "levenshtein_avg": 26.0
}