{
  "model": "gemini-1.5-flash",
  "text": "Ventidue/otto/venti ventidue/cinque ore dieci/undici veicolo bom serione targa 134 in sosta davanti a passo carrabile presso corso Buenos Aires 99 Milano rilevato da agente Anna Bianchi.\n",
  "reference": "28/03/2025, ore 10:11: veicolo BMW Serie 1, targa FG234LM, in sosta davanti a passo carrabile presso corso Buenos Aires 98, Milano. Rilevato da agente Anna Bianchi.",
  "time": 16.898004535147393,
  "cost": 0.00021117605442176873,
  "wer": 0.38461538461538464,
  "cer": 0.38414634146341464,
  "bleu_avg": 0.4618138250671612,
  "rouge1_avg_f1": 0.6440677966101694,
  "rougeL_avg_f1": 0.6440677966101694,
  "levenshtein_avg": 64.0
}