{
  "model": "gemini-2.0-flash-lite",
  "text": "Traffico sulla strada.\n",
  "reference": "traffico sulla strada",
  "time": 1.74,
  "cost": 2.238e-05,
  "wer": 0.6666666666666666,
  "cer": 0.09523809523809523,
  "bleu_avg": 0.11362193664674995,
  "rouge1_avg_f1": 1.0,
  "rougeL_avg_f1": 1.0,
  "levenshtein_avg": 3.0
}