{
  "model": "gemini-2.0-flash-lite",
  "text": "Durante il pattugliamento in zona Via Milano 24, Torino, l'agente Mario Rossi ha rilevato una violazione dell'articolo 7, comma 15. L'auto coinvolta è una Mercedes Classe A targata XY987ZT alle ore 6:56 del 13 marzo 2025.",
  "reference": "Durante il pattugliamento in zona via Milano 24, Torino, l'agente Mario Rossi ha rilevato una violazione del articolo 7, comma 15. L'auto coinvolta è una Mercedes Classe A targata XY987ZT, alle ore 06:56 del 13/03/2025.",
  "time": 22.686303854875284,
  "cost": 0.0002836356462585034,
  "wer": 0.22857142857142856,
  "cer": 0.0547945205479452,
  "bleu_avg": 0.63963348137883,
  "rouge1_avg_f1": 0.9230769230769231,
  "rougeL_avg_f1": 0.9230769230769231,
  "levenshtein_avg": 12.0
}