{
  "model": "gemini-2.0-flash",
  "text": "Dopo un anno di attività, la band incise il primo demo.",
  "reference": "dopo un anno di attività, la band incise il primo demo.",
  "time": 3.6360090702947847,
  "cost": 0.00013798751927437643,
  "wer": 0.09090909090909091,
  "cer": 0.01818181818181818,
  "bleu_avg": 0.8931539818068694,
  "rouge1_avg_f1": 1.0,
  "rougeL_avg_f1": 1.0,
  "levenshtein_avg": 1.0
}