{
  "model": "gemini-2.0-flash-lite",
  "text": "Quali sono le novità di oggi?",
  "reference": "quali sono le novità di oggi",
  "time": 2.52,
  "cost": 3.264e-05,
  "wer": 0.3333333333333333,
  "cer": 0.07142857142857142,
  "bleu_avg": 0.5081327481546147,
  "rouge1_avg_f1": 1.0,
  "rougeL_avg_f1": 1.0,
  "levenshtein_avg": 2.0
}