{
  "model": "gemini-2.0-flash",
  "text": "Sono l'agente Carlo Brun. Alle ore forte intende fietare i tanti tanti file. Ho rilevato un'infrazione per divieto di sosta in Via Milano 24, Torino. Veicolo, Fiat Panda, targa andine onde le di serenza.",
  "reference": "Sono l'agente Carlo Bruni. Alle ore 14:10 del 05/03/2025, ho rilevato un'infrazione per divieto di sosta in via Milano 24, Torino. Veicolo: Fiat Panda, targa XY987ZT.",
  "time": 14.915011337868481,
  "cost": 0.0005442083990929705,
  "wer": 0.6153846153846154,
  "cer": 0.39759036144578314,
  "bleu_avg": 0.2863949307915334,
  "rouge1_avg_f1": 0.6865671641791045,
  "rougeL_avg_f1": 0.6865671641791045,
  "levenshtein_avg": 66.0
}