{
  "model": "gemini-2.0-flash",
  "text": "Durante il pattugliamento in zona Via Roma 77, Palermo, l'agente Luca Verdi ha rilevato una violazione dell'articolone 157 comma 5. L'auto coinvolta, una Renault Clio targata Zafura 150 alle ore 20:50 del 6/6/2025.",
  "reference": "Durante il pattugliamento in zona via Roma 77, Palermo, l'agente Luca Verdi ha rilevato una violazione del articolo 157, comma 5. L'auto coinvolta è una Renault Clio targata ZA456QP, alle ore 20:53 del 06/03/2025.",
  "time": 20.16204081632653,
  "cost": 0.0007285038367346939,
  "wer": 0.29411764705882354,
  "cer": 0.09859154929577464,
  "bleu_avg": 0.4948895185144608,
  "rouge1_avg_f1": 0.8311688311688312,
  "rougeL_avg_f1": 0.8311688311688312,
  "levenshtein_avg": 21.0
}