{
  "model": "gemini-2.0-flash",
  "text": "È stata esportata anche in Germania e in Africa.",
  "reference": "è stata esportata anche in germania e in africa.",
  "time": 4.716009070294785,
  "cost": 0.0001752035192743764,
  "wer": 0.3333333333333333,
  "cer": 0.0625,
  "bleu_avg": 0.3549481056010053,
  "rouge1_avg_f1": 1.0,
  "rougeL_avg_f1": 1.0,
  "levenshtein_avg": 3.0
}