{
  "model": "gemini-2.0-flash",
  "text": "Per estensione, ha finito per designare il palo utilizzato per questi esercizi militari.",
  "reference": "per estensione, ha finito per designare il palo utilizzato per questi esercizi militari.",
  "time": 6.444036281179138,
  "cost": 0.00023763007709750567,
  "wer": 0.07692307692307693,
  "cer": 0.011363636363636364,
  "bleu_avg": 0.912167909070388,
  "rouge1_avg_f1": 1.0,
  "rougeL_avg_f1": 1.0,
  "levenshtein_avg": 1.0
}