{
  "model": "gemini-2.0-flash-lite",
  "text": "In base all'articolo 7, comma 15, l'agente Mario Rossi ha riscontrato un'infrazione in via del Corso 12, Roma alle ore 19:58 del 10 marzo 2025, veicolo coinvolto, Renault Clio, targa Z456QP.",
  "reference": "In base al articolo 7, comma 15, l'agente Mario Rossi ha riscontrato un'infrazione in via del Corso 12, Roma alle ore 19:58 del 10/03/2025. Veicolo coinvolto: Renault Clio, targa ZA456QP.",
  "time": 18.84,
  "cost": 0.00023598,
  "wer": 0.26666666666666666,
  "cer": 0.06951871657754011,
  "bleu_avg": 0.6621341867779791,
  "rouge1_avg_f1": 0.9142857142857143,
  "rougeL_avg_f1": 0.9142857142857143,
  "levenshtein_avg": 13.0
}