{
  "model": "gemini-2.0-flash",
  "text": "Infrazione riscontrata: divieto di sosta, posizione: Via del Corso 12, Roma, ora 17:54, data 1 aprile 2025, auto Mercedes Classe A, targa GH789I, agente Luca Verdi.",
  "reference": "Infrazione riscontrata: divieto di sosta. Posizione: via del Corso 12, Roma. Ora: 17:54, Data: 01/04/2025. Auto: Mercedes Classe A, targa GH789IJ. Agente: Luca Verdi.",
  "time": 19.45501133786848,
  "cost": 0.0007008163990929705,
  "wer": 0.5,
  "cer": 0.13855421686746988,
  "bleu_avg": 0.24343304284910333,
  "rouge1_avg_f1": 0.8888888888888888,
  "rougeL_avg_f1": 0.8888888888888888,
  "levenshtein_avg": 23.0
}