{
  "model": "gemini-2.0-flash",
  "text": "Durante il pattugliamento in zona Via Roma 77, Palermo, l'agente Giulia Costa ha rilevato una violazione dell'articolo 158, comma 2. L'auto coinvolta è una Renault Clio targata GH789I, alle ore 18:00 del 30 marzo 2025.",
  "reference": "Durante il pattugliamento in zona via Roma 77, Palermo, l'agente Giulia Costa ha rilevato una violazione del articolo 158, comma 2. L'auto coinvolta è una Renault Clio targata GH789IJ, alle ore 18:00 del 30/03/2025.",
  "time": 20.23201814058957,
  "cost": 0.0007317670385487529,
  "wer": 0.20588235294117646,
  "cer": 0.05116279069767442,
  "bleu_avg": 0.6736725254446679,
  "rouge1_avg_f1": 0.9210526315789473,
  "rougeL_avg_f1": 0.9210526315789473,
  "levenshtein_avg": 11.0
}