{
  "model": "gemini-2.0-flash",
  "text": "La Torre Net è invece l'edificio più alto abitabile.",
  "reference": "la torre net è invece l'edificio più alto abitabile.",
  "time": 4.32,
  "cost": 0.00016126400000000002,
  "wer": 0.3333333333333333,
  "cer": 0.057692307692307696,
  "bleu_avg": 0.5873949094699213,
  "rouge1_avg_f1": 1.0,
  "rougeL_avg_f1": 1.0,
  "levenshtein_avg": 3.0
}