{
  "model": "gemini-2.0-flash",
  "text": "In base all'articolo 7, comma 15, l'agente Luca Verdi ha riscontrato un'infrazione in corso Buenos Aires 98, Milano alle ore 16:44 del 6 marzo 2025, veicolo coinvolto, Fiat Panda, targa FG 234 LM.",
  "reference": "In base al articolo 7, comma 15, l'agente Luca Verdi ha riscontrato un'infrazione in corso Buenos Aires 98, Milano alle ore 16:44 del 06/03/2025. Veicolo coinvolto: Fiat Panda, targa FG234LM.",
  "time": 18.786984126984127,
  "cost": 0.0006801018412698412,
  "wer": 0.3333333333333333,
  "cer": 0.07853403141361257,
  "bleu_avg": 0.6200390459721546,
  "rouge1_avg_f1": 0.8611111111111112,
  "rougeL_avg_f1": 0.8611111111111112,
  "levenshtein_avg": 15.0
}