{
  "model": "gemini-1.5-pro",
  "text": "Sono l'agente Marco Gentili, alle ore 5:43 del 14 marzo 2025. Ho rilevato un'infrazione per sosta davanti a passo carrabile in via Roma 77, Palermo. Veicolo: Fiat Panda, targa ZA456QP.\n",
  "reference": "Sono l'agente Marco Gentili. Alle ore 05:43 del 14/03/2025, ho rilevato un'infrazione per sosta davanti a passo carrabile in via Roma 77, Palermo. Veicolo: Fiat Panda, targa ZA456QP.",
  "time": 19.805986394557824,
  "cost": 0.004121197278911565,
  "wer": 0.25,
  "cer": 0.06593406593406594,
  "bleu_avg": 0.6415716165879255,
  "rouge1_avg_f1": 0.9393939393939394,
  "rougeL_avg_f1": 0.9393939393939394,
  "levenshtein_avg": 13.0
}