{
  "model": "gemini-2.0-flash",
  "text": "Il demone nel corpo di Teodora fu scacciato.",
  "reference": "il demone nel corpo di teodora fu scacciato.",
  "time": 4.212018140589569,
  "cost": 0.00015706303854875282,
  "wer": 0.25,
  "cer": 0.045454545454545456,
  "bleu_avg": 0.4111336169005197,
  "rouge1_avg_f1": 1.0,
  "rougeL_avg_f1": 1.0,
  "levenshtein_avg": 2.0
}