{
  "model": "gemini-2.0-flash-lite",
  "text": "Inoltre è coautore del brano \"A Public Affair\" di Jessica Simpson.\n",
  "reference": "inoltre è coautore del brano \"a public affair\" di jessica simpson.",
  "time": 5.112018140589569,
  "cost": 6.524421768707483e-05,
  "wer": 0.5454545454545454,
  "cer": 0.09090909090909091,
  "bleu_avg": 0.24808415001701817,
  "rouge1_avg_f1": 1.0,
  "rougeL_avg_f1": 1.0,
  "levenshtein_avg": 7.0
}