{
  "model": "gemini-2.0-flash-lite",
  "text": "In base all'articolo 157, comma 5, l'agente Silvia Neri ha riscontrato un'infrazione in via Milano 24, Torino alle ore 15:26 del 9 marzo 2025, veicolo coinvolto, Audi A3, targa TR98U.\n",
  "reference": "In base al articolo 157, comma 5, l'agente Silvia Neri ha riscontrato un'infrazione in via Milano 24, Torino alle ore 15:26 del 09/03/2025. Veicolo coinvolto: Audi A3, targa TR098YU.",
  "time": 18.456009070294783,
  "cost": 0.00023107210884353743,
  "wer": 0.27586206896551724,
  "cer": 0.08241758241758242,
  "bleu_avg": 0.6498516724937325,
  "rouge1_avg_f1": 0.8823529411764706,
  "rougeL_avg_f1": 0.8823529411764706,
  "levenshtein_avg": 16.0
}