{
  "model": "gemini-1.5-flash",
  "text": "Quattordici/diciotto/venti/venti/cinque ore quattordici/trentatrè veicoli Toyota Yaris targa TR 9000 in divieto di sosta presso via del Corso, 11 Roma. Rilevato da agente Marco Gentili.\n",
  "reference": "14/03/2025, ore 13:33: veicolo Toyota Yaris, targa TR098YU, in divieto di sosta presso via del Corso 12, Roma. Rilevato da agente Marco Gentili.",
  "time": 14.914013605442177,
  "cost": 0.0001867681632653061,
  "wer": 0.34782608695652173,
  "cer": 0.4722222222222222,
  "bleu_avg": 0.4566337854967312,
  "rouge1_avg_f1": 0.6545454545454545,
  "rougeL_avg_f1": 0.6545454545454545,
  "levenshtein_avg": 69.0
}