{
  "model": "gemini-2.0-flash",
  "text": "Cosa c'è dentro la torta mimosa?",
  "reference": "cosa c'è dentro la torta mimosa",
  "time": 3.72,
  "cost": 0.000138944,
  "wer": 0.3333333333333333,
  "cer": 0.06451612903225806,
  "bleu_avg": 0.5081327481546147,
  "rouge1_avg_f1": 1.0,
  "rougeL_avg_f1": 1.0,
  "levenshtein_avg": 2.0
}