{
  "model": "gemini-2.0-flash",
  "text": "Sono l'agente Marco Gentili. Alle ore 9:15 del 30/2025, ho rilevato un'infrazione per parcheggio su strisce pedonali in Via Napoli 5, Napoli. Veicolo Mercedes classe la targa Avon e un 30.",
  "reference": "Sono l'agente Marco Gentili. Alle ore 09:16 del 03/03/2025, ho rilevato un'infrazione per parcheggio su strisce pedonali in via Napoli 5, Napoli. Veicolo: Mercedes Classe A, targa AB123CD.",
  "time": 17.091020408163267,
  "cost": 0.0006196039183673469,
  "wer": 0.35714285714285715,
  "cer": 0.11170212765957446,
  "bleu_avg": 0.4607059623951704,
  "rouge1_avg_f1": 0.7941176470588236,
  "rougeL_avg_f1": 0.7941176470588236,
  "levenshtein_avg": 21.0
}