{
  "model": "gemini-2.0-flash",
  "text": "Sono l'agente Giulia Costa, alle ore 11:22 del 10 marzo 2025, ho rilevato un'infrazione per doppia fila in Via Etnea 45, Catania, veicolo, BMW Serie 1, targa GH789IA.",
  "reference": "Sono l'agente Giulia Costa. Alle ore 11:22 del 10/03/2025, ho rilevato un'infrazione per doppia fila in via Etnea 45, Catania. Veicolo: BMW Serie 1, targa GH789IJ.",
  "time": 14.66,
  "cost": 0.000532832,
  "wer": 0.34615384615384615,
  "cer": 0.08588957055214724,
  "bleu_avg": 0.39506153747892536,
  "rouge1_avg_f1": 0.9354838709677419,
  "rougeL_avg_f1": 0.9354838709677419,
  "levenshtein_avg": 14.0
}