{
  "model": "gemini-1.5-pro",
  "text": "Sono l'agente Mario Rossi, alle ore 3:43 del 9 marzo 2025. Ho rilevato un'infrazione per doppia fila in via Roma 77, Palermo. Veicolo: Mercedes Classe A, targa CD456F.\n",
  "reference": "Sono l'agente Mario Rossi. Alle ore 03:43 del 09/03/2025, ho rilevato un'infrazione per doppia fila in via Roma 77, Palermo. Veicolo: Mercedes Classe A, targa CD456EF.",
  "time": 18.01265306122449,
  "cost": 0.0037525306122448985,
  "wer": 0.3076923076923077,
  "cer": 0.08383233532934131,
  "bleu_avg": 0.5751167640035275,
  "rouge1_avg_f1": 0.8709677419354839,
  "rougeL_avg_f1": 0.8709677419354839,
  "levenshtein_avg": 15.0
}