{
  "model": "gemini-2.0-flash",
  "text": "Fa parte del canone delle fonti più antiche dello slavo ecclesiastico antico.",
  "reference": "fa parte del canone delle fonti più antiche dello slavo ecclesiastico antico.",
  "time": 4.9320181405895696,
  "cost": 0.00018400703854875284,
  "wer": 0.08333333333333333,
  "cer": 0.012987012987012988,
  "bleu_avg": 0.9036020036098448,
  "rouge1_avg_f1": 1.0,
  "rougeL_avg_f1": 1.0,
  "levenshtein_avg": 1.0
}