{
  "model": "gemini-2.0-flash-lite",
  "text": "19 marzo 2025, ore 15:19, veicolo Toyota Yaris, targa XY987ZT, in doppia fila presso via Garibaldi 11, Firenze, rilevato da agente Marco Gentili.",
  "reference": "11/03/2025, ore 15:19: veicolo Toyota Yaris, targa XY987ZT, in doppia fila presso via Garibaldi 11, Firenze. Rilevato da agente Marco Gentili.",
  "time": 15.968027210884355,
  "cost": 0.00019911632653061225,
  "wer": 0.2857142857142857,
  "cer": 0.07746478873239436,
  "bleu_avg": 0.6054657750562689,
  "rouge1_avg_f1": 0.9166666666666666,
  "rougeL_avg_f1": 0.9166666666666666,
  "levenshtein_avg": 11.0
}