{
  "model": "gemini-2.0-flash",
  "text": "Durante il pattugliamento in zona via Etnea Forche, Catania, l'agente Sara Bellini ha rilevato una violazione dell'articolo 6, comma 15. L'auto poi in volta è una Volkswagen Golf targata AT4 156 alle ore 4:50 30 35.",
  "reference": "Durante il pattugliamento in zona via Etnea 45, Catania, l'agente Sara Bellini ha rilevato una violazione del articolo 7, comma 15. L'auto coinvolta è una Volkswagen Golf targata ZA456QP, alle ore 04:52 del 16/03/2025.",
  "time": 18.88204081632653,
  "cost": 0.0006846478367346938,
  "wer": 0.35294117647058826,
  "cer": 0.15137614678899083,
  "bleu_avg": 0.4914989978170727,
  "rouge1_avg_f1": 0.7012987012987013,
  "rougeL_avg_f1": 0.7012987012987013,
  "levenshtein_avg": 33.0
}