{
  "model": "gemini-1.5-pro",
  "text": "Iniziò così una lunga serie di esposizioni.\n",
  "reference": "iniziò così una lunga serie di esposizioni.",
  "time": 4.032018140589569,
  "cost": 0.0008514036281179137,
  "wer": 0.14285714285714285,
  "cer": 0.023255813953488372,
  "bleu_avg": 0.8091067115702212,
  "rouge1_avg_f1": 1.0,
  "rougeL_avg_f1": 1.0,
  "levenshtein_avg": 2.0
}