{
  "model": "gemini-1.5-flash",
  "text": "L'acqua però è spesso torbida per la grande presenza di plancton.\n",
  "reference": "l'acqua però è spesso torbida per la grande presenza di plancton.",
  "time": 8.316009070294784,
  "cost": 0.00010369210884353741,
  "wer": 0.09090909090909091,
  "cer": 0.015384615384615385,
  "bleu_avg": 0.8931539818068694,
  "rouge1_avg_f1": 1.0,
  "rougeL_avg_f1": 1.0,
  "levenshtein_avg": 2.0
}