{
  "model": "gemini-2.0-flash",
  "text": "Suona la mia colonna sonora.",
  "reference": "suona la mia colonna sonora",
  "time": 2.52,
  "cost": 9.630399999999999e-05,
  "wer": 0.4,
  "cer": 0.07407407407407407,
  "bleu_avg": 0.26591479484724945,
  "rouge1_avg_f1": 1.0,
  "rougeL_avg_f1": 1.0,
  "levenshtein_avg": 2.0
}