{
  "model": "gemini-1.5-pro",
  "text": "Angel Lozano\n",
  "reference": "ángel lozano",
  "time": 2.9160090702947845,
  "cost": 0.0006032018140589569,
  "wer": 1.0,
  "cer": 0.16666666666666666,
  "bleu_avg": 0.0,
  "rouge1_avg_f1": 0.5,
  "rougeL_avg_f1": 0.5,
  "levenshtein_avg": 3.0
}