{
  "model": "gemini-2.0-flash",
  "text": "L'esperienza di Hanoi.",
  "reference": "l'esperienza di \"a noi!",
  "time": 3.528027210884354,
  "cost": 0.00013098655782312925,
  "wer": 0.75,
  "cer": 0.17391304347826086,
  "bleu_avg": 0.0814136751754278,
  "rouge1_avg_f1": 0.6666666666666665,
  "rougeL_avg_f1": 0.6666666666666665,
  "levenshtein_avg": 4.0
}