{
  "model": "gemini-2.0-flash",
  "text": "Qual è il cambio euro dollaro adesso?",
  "reference": "qual è il cambio euro dollaro adesso",
  "time": 3.42,
  "cost": 0.000128784,
  "wer": 0.2857142857142857,
  "cer": 0.05555555555555555,
  "bleu_avg": 0.6147881529512643,
  "rouge1_avg_f1": 1.0,
  "rougeL_avg_f1": 1.0,
  "levenshtein_avg": 2.0
}