{
  "model": "gemini-1.5-pro",
  "text": "Sono l'agente Giulia Costa, alle ore 11:22 del 10 marzo 2025. Ho rilevato un'infrazione per doppia fila in via Etnea 45, Catania, veicolo BMW Serie 1, targa GH789IV.\n",
  "reference": "Sono l'agente Giulia Costa. Alle ore 11:22 del 10/03/2025, ho rilevato un'infrazione per doppia fila in via Etnea 45, Catania. Veicolo: BMW Serie 1, targa GH789IJ.",
  "time": 14.66,
  "cost": 0.003082,
  "wer": 0.34615384615384615,
  "cer": 0.09202453987730061,
  "bleu_avg": 0.4597006398721532,
  "rouge1_avg_f1": 0.9354838709677419,
  "rougeL_avg_f1": 0.9354838709677419,
  "levenshtein_avg": 16.0
}