{
  "model": "gemini-2.0-flash",
  "text": "Vi si insediarono alcune migliaia di coloni italiani nella seconda metà degli anni 30.",
  "reference": "vi si insediarono alcune migliaia di coloni italiani nella seconda metà degli anni trenta.",
  "time": 5.832018140589569,
  "cost": 0.00021648703854875283,
  "wer": 0.14285714285714285,
  "cer": 0.07777777777777778,
  "bleu_avg": 0.8385766789076257,
  "rouge1_avg_f1": 0.9285714285714286,
  "rougeL_avg_f1": 0.9285714285714286,
  "levenshtein_avg": 7.0
}