{
  "model": "gemini-2.0-flash-lite",
  "text": "Sotto la cascata c'è una passerella pedonale che permette di attraversare il fiume.\n",
  "reference": "sotto alla cascata c'è una passerella pedonale che permette di attraversare il fiume.",
  "time": 5.868027210884354,
  "cost": 7.491632653061224e-05,
  "wer": 0.15384615384615385,
  "cer": 0.03529411764705882,
  "bleu_avg": 0.8242367502646054,
  "rouge1_avg_f1": 0.9230769230769231,
  "rougeL_avg_f1": 0.9230769230769231,
  "levenshtein_avg": 4.0
}