{
  "model": "gemini-2.0-flash",
  "text": "Il giorno 5 marzo 2025, alle ore 17:19, è stata segnalata un'infrazione per doppia fila in Via del Corso 12, Roma, veicolo coinvolto, Volkswagen Golf, targa GH789I, agente, Luca Verdi.",
  "reference": "Il giorno 05/03/2025, alle ore 17:19, è stata segnalata un’infrazione per doppia fila in via del Corso 12, Roma. Veicolo coinvolto: Volkswagen Golf, targa GH789IJ. Agente: Luca Verdi.",
  "time": 19.584036281179138,
  "cost": 0.0007069580770975056,
  "wer": 0.35714285714285715,
  "cer": 0.09289617486338798,
  "bleu_avg": 0.3416384480831194,
  "rouge1_avg_f1": 0.9032258064516129,
  "rougeL_avg_f1": 0.9032258064516129,
  "levenshtein_avg": 17.0
}