{
  "model": "gemini-2.0-flash",
  "text": "Cancella il primo elemento nella lista.",
  "reference": "cancella il primo elemento nella lista",
  "time": 2.94,
  "cost": 0.000111488,
  "wer": 0.3333333333333333,
  "cer": 0.05263157894736842,
  "bleu_avg": 0.5081327481546147,
  "rouge1_avg_f1": 1.0,
  "rougeL_avg_f1": 1.0,
  "levenshtein_avg": 2.0
}