{
  "model": "gemini-1.5-flash",
  "text": "In base all'articolo 158, comma 2, l'agente Carlo Bruni ha riscontrato un'infrazione in via Napoli 5, Napoli, alle ore 16:22 del 28 marzo 2025. Veicolo coinvolto: Volkswagen Golf, targa XY 9987 ZT.\n",
  "reference": "In base al articolo 158, comma 2, l'agente Carlo Bruni ha riscontrato un'infrazione in via Napoli 5, Napoli alle ore 16:22 del 28/03/2025. Veicolo coinvolto: Volkswagen Golf, targa XY987ZT.",
  "time": 17.028027210884353,
  "cost": 0.00021453632653061224,
  "wer": 0.3103448275862069,
  "cer": 0.06878306878306878,
  "bleu_avg": 0.5832012039914727,
  "rouge1_avg_f1": 0.8857142857142858,
  "rougeL_avg_f1": 0.8857142857142858,
  "levenshtein_avg": 14.0
}