{
  "model": "gemini-2.0-flash",
  "text": "Com'è la condizione del traffico al momento?",
  "reference": "com'è la condizione del traffico al momento",
  "time": 3.36,
  "cost": 0.00012667199999999998,
  "wer": 0.2857142857142857,
  "cer": 0.046511627906976744,
  "bleu_avg": 0.6147881529512643,
  "rouge1_avg_f1": 1.0,
  "rougeL_avg_f1": 1.0,
  "levenshtein_avg": 2.0
}