{
  "model": "gemini-2.0-flash",
  "text": "Verbale di infrazione redatto dall'agente Mario Rossi. Data 11/2025, ora 18:16. Infrazione zona rimozione. Luogo Via Garibaldi 11, Firenze. Veicolo per corsa targa 321.",
  "reference": "Verbale di infrazione redatto dall'agente Mario Rossi. Data: 11/03/2025, ora: 13:06. Infrazione: zona rimozione. Luogo: via Garibaldi 11, Firenze. Veicolo: Opel Corsa, targa KL321MN.",
  "time": 18.213015873015873,
  "cost": 0.0006562981587301588,
  "wer": 0.4583333333333333,
  "cer": 0.1043956043956044,
  "bleu_avg": 0.323932119435985,
  "rouge1_avg_f1": 0.8363636363636364,
  "rougeL_avg_f1": 0.8363636363636364,
  "levenshtein_avg": 19.0
}