{
  "model": "gemini-2.0-flash",
  "text": "Ehi, Holly, oggi ho incontrato un mio vecchio compagno di classe.\n",
  "reference": "ehi olly oggi ho incontrato un mio vecchio compagno di classe",
  "time": 6.0,
  "cost": 0.0002212,
  "wer": 0.2727272727272727,
  "cer": 0.08196721311475409,
  "bleu_avg": 0.6786502681586727,
  "rouge1_avg_f1": 0.9090909090909091,
  "rougeL_avg_f1": 0.9090909090909091,
  "levenshtein_avg": 6.0
}