{
  "model": "gemini-2.0-flash",
  "text": "Holly, riproduce una buona traccia del mio artista jazz preferito.",
  "reference": "olly riproduci una buona traccia del mio artista jazz preferito",
  "time": 4.8,
  "cost": 0.00017855999999999997,
  "wer": 0.3,
  "cer": 0.06349206349206349,
  "bleu_avg": 0.6389431042462724,
  "rouge1_avg_f1": 0.8000000000000002,
  "rougeL_avg_f1": 0.8000000000000002,
  "levenshtein_avg": 4.0
}