{
  "model": "gemini-1.5-pro",
  "text": "Durante il pattugliamento in zona Via del Corso 12, Roma, l'agente Mario Rossi ha rilevato una violazione dell'articolo 7, comma 15. L'auto coinvolta è una Audi A3 targata ZA456QP, alle ore 17:35 del 30 marzo 2025.\n",
  "reference": "Durante il pattugliamento in zona via del Corso 12, Roma, l'agente Mario Rossi ha rilevato una violazione del articolo 7, comma 15. L'auto coinvolta è una Audi A3 targata ZA456QP, alle ore 17:35 del 30/03/2025.",
  "time": 20.4,
  "cost": 0.0042699999999999995,
  "wer": 0.17142857142857143,
  "cer": 0.047619047619047616,
  "bleu_avg": 0.7623067286250758,
  "rouge1_avg_f1": 0.9487179487179487,
  "rougeL_avg_f1": 0.9487179487179487,
  "levenshtein_avg": 11.0
}