{
  "model": "gemini-2.0-flash",
  "text": "Passa alla prossima sezione.",
  "reference": "passa alla prossima sezione",
  "time": 2.3467120181405896,
  "cost": 8.980426303854874e-05,
  "wer": 0.5,
  "cer": 0.07407407407407407,
  "bleu_avg": 0.16990442448471224,
  "rouge1_avg_f1": 1.0,
  "rougeL_avg_f1": 1.0,
  "levenshtein_avg": 2.0
}