{
  "model": "gemini-1.5-flash",
  "text": "Che giorno della settimana è il primo di aprile?\n",
  "reference": "che giorno della settimana è il primo di aprile",
  "time": 3.48,
  "cost": 4.505999999999999e-05,
  "wer": 0.2222222222222222,
  "cer": 0.0425531914893617,
  "bleu_avg": 0.7259795291154771,
  "rouge1_avg_f1": 1.0,
  "rougeL_avg_f1": 1.0,
  "levenshtein_avg": 3.0
}