{
  "model": "gemini-2.0-flash",
  "text": "Ehi, che ore sono a Roma adesso?",
  "reference": "ehi che ore sono a roma adesso",
  "time": 3.370702947845805,
  "cost": 0.00012704874376417231,
  "wer": 0.42857142857142855,
  "cer": 0.13333333333333333,
  "bleu_avg": 0.41113361690051975,
  "rouge1_avg_f1": 1.0,
  "rougeL_avg_f1": 1.0,
  "levenshtein_avg": 4.0
}