{
  "model": "gemini-2.0-flash",
  "text": "Sono stati identificati i personaggi di questa vicenda, risultata sostanzialmente vera.",
  "reference": "sono stati identificati i personaggi di questa vicenda, risultata sostanzialmente vera.",
  "time": 6.2280272108843535,
  "cost": 0.00022922655782312923,
  "wer": 0.09090909090909091,
  "cer": 0.011494252873563218,
  "bleu_avg": 0.8931539818068694,
  "rouge1_avg_f1": 1.0,
  "rougeL_avg_f1": 1.0,
  "levenshtein_avg": 1.0
}