{
  "model": "gemini-2.0-flash",
  "text": "Sono l'agente Giulia Costa. Alle ore 4:23 del 5/5/2025 ho rilevato un'infrazione per divieto di sosta in Via Napoli 5, Napoli. Veicolo, Audi A3, targa Gasevenondre dei Getinei.",
  "reference": "Sono l'agente Giulia Costa. Alle ore 04:23 del 05/03/2025, ho rilevato un'infrazione per divieto di sosta in via Napoli 5, Napoli. Veicolo: Audi A3, targa GH789IJ.",
  "time": 15.843038548752835,
  "cost": 0.0005744749569160998,
  "wer": 0.2692307692307692,
  "cer": 0.18404907975460122,
  "bleu_avg": 0.5061670140261408,
  "rouge1_avg_f1": 0.84375,
  "rougeL_avg_f1": 0.84375,
  "levenshtein_avg": 30.0
}