{
  "model": "gemini-2.0-flash",
  "text": "Agente Giulia Costa in servizio. Segnalazione di divieto di sosta al Leone, fiffione del 14 15 in via Garibaldi, Firenze. Auto coinvolta, Fiat Panda, targa Bologna 23.",
  "reference": "Agente Giulia Costa in servizio. Segnalazione di divieto di sosta alle 01:51 del 30/03/2025, in via Garibaldi 11, Firenze. Auto coinvolta: Fiat Panda, targa AB123CD.",
  "time": 15.71501133786848,
  "cost": 0.0005695683990929705,
  "wer": 0.4,
  "cer": 0.23030303030303031,
  "bleu_avg": 0.4325307727072111,
  "rouge1_avg_f1": 0.7272727272727273,
  "rougeL_avg_f1": 0.7272727272727273,
  "levenshtein_avg": 38.0
}