{
  "model": "gemini-2.0-flash",
  "text": "Riproduci canzoni di Mina.",
  "reference": "riproduci canzoni di mina",
  "time": 2.709387755102041,
  "cost": 0.00010257044897959184,
  "wer": 0.5,
  "cer": 0.12,
  "bleu_avg": 0.16990442448471224,
  "rouge1_avg_f1": 1.0,
  "rougeL_avg_f1": 1.0,
  "levenshtein_avg": 3.0
}