{
  "model": "gemini-1.5-flash",
  "text": "Mi hanno promosso oggi! Che bellezza!\n",
  "reference": "mi hanno promosso oggi che bellezza",
  "time": 3.7546938775510204,
  "cost": 4.745632653061224e-05,
  "wer": 0.6666666666666666,
  "cer": 0.11428571428571428,
  "bleu_avg": 0.08633400213704504,
  "rouge1_avg_f1": 1.0,
  "rougeL_avg_f1": 1.0,
  "levenshtein_avg": 5.0
}