{
  "model": "gemini-2.0-flash-lite",
  "text": "In base all'articolo, Anna Bianchi ha riscontrato un'infrazione in corso Buenos Aires, Milano alle ore 13:06 del 2025. Veicolo coinvolto: Audi A3, targa A132023.\n",
  "reference": "In base al articolo 157, comma 5, l'agente Anna Bianchi ha riscontrato un'infrazione in corso Buenos Aires 98, Milano alle ore 13:06 del 04/03/2025. Veicolo coinvolto: Audi A3, targa AB123CD.",
  "time": 19.906031746031747,
  "cost": 0.00024667238095238094,
  "wer": 0.3333333333333333,
  "cer": 0.19895287958115182,
  "bleu_avg": 0.4725247376470607,
  "rouge1_avg_f1": 0.8064516129032259,
  "rougeL_avg_f1": 0.8064516129032259,
  "levenshtein_avg": 39.0
}