{
  "model": "gemini-2.0-flash",
  "text": "Agente Mario Rossi in servizio. Segnalazione di divieto di sosta alle 23:48 del 5 marzo 2025. In via Roma 77, Palermo, auto coinvolta, Fiat Panda, targa FG 234 LM.",
  "reference": "Agente Mario Rossi in servizio. Segnalazione di divieto di sosta alle 23:48 del 05/03/2025, in via Roma 77, Palermo. Auto coinvolta: Fiat Panda, targa FG234LM.",
  "time": 14.871020408163265,
  "cost": 0.0005406599183673469,
  "wer": 0.4,
  "cer": 0.09433962264150944,
  "bleu_avg": 0.5131341853758327,
  "rouge1_avg_f1": 0.8620689655172413,
  "rougeL_avg_f1": 0.8620689655172413,
  "levenshtein_avg": 15.0
}