{
  "model": "gemini-2.0-flash",
  "text": "Durante il pattugliamento in zona Via del Corso 12, Roma, l'agente Sara Bellini ha rilevato una violazione dell'articolo 158, comma 2. L'auto coinvolta è una Renault Clio targata XY987ZT, alle ore 16:38 del 22 marzo 2025.",
  "reference": "Durante il pattugliamento in zona via del Corso 12, Roma, l'agente Sara Bellini ha rilevato una violazione del articolo 158, comma 2. L'auto coinvolta è una Renault Clio targata XY987ZT, alle ore 16:38 del 22/03/2025.",
  "time": 18.168979591836734,
  "cost": 0.000659548081632653,
  "wer": 0.17142857142857143,
  "cer": 0.04608294930875576,
  "bleu_avg": 0.7623067286250758,
  "rouge1_avg_f1": 0.9487179487179487,
  "rougeL_avg_f1": 0.9487179487179487,
  "levenshtein_avg": 10.0
}