{
  "model": "gemini-2.0-flash",
  "text": "Tutto ciò è andato completamente perduto, insieme a svariate composizioni di Alcan.",
  "reference": "tutto ciò è andato completamente perduto, insieme a svariate composizioni di alkan.",
  "time": 5.796009070294785,
  "cost": 0.0002144195192743764,
  "wer": 0.16666666666666666,
  "cer": 0.03614457831325301,
  "bleu_avg": 0.8070557274927982,
  "rouge1_avg_f1": 0.9090909090909091,
  "rougeL_avg_f1": 0.9090909090909091,
  "levenshtein_avg": 3.0
}