{
  "model": "gemini-2.0-flash",
  "text": "Agente Luca Verdi in servizio. Segnalazione di parcheggio su strisce pedonali alle 70 in, Fotti, Citellone, 2025 in Via Milano 24, Torino. Auto coinvolta o percorsa targa 3000.",
  "reference": "Agente Luca Verdi in servizio. Segnalazione di parcheggio su strisce pedonali alle 17:46 del 01/03/2025, in via Milano 24, Torino. Auto coinvolta: Opel Corsa, targa TR098YU.",
  "time": 16.51501133786848,
  "cost": 0.0005981283990929705,
  "wer": 0.38461538461538464,
  "cer": 0.21965317919075145,
  "bleu_avg": 0.49806572776935465,
  "rouge1_avg_f1": 0.736842105263158,
  "rougeL_avg_f1": 0.736842105263158,
  "levenshtein_avg": 38.0
}