{
  "model": "gemini-2.0-flash-lite",
  "text": "La parola incinta, con il significato di senza cintura, indica la maternità.\n",
  "reference": "la parola \"incinta\", con significato di \"senza cintura\", indica la maternità.",
  "time": 6.516009070294785,
  "cost": 8.239210884353741e-05,
  "wer": 0.45454545454545453,
  "cer": 0.1038961038961039,
  "bleu_avg": 0.11530568323789493,
  "rouge1_avg_f1": 0.9565217391304348,
  "rougeL_avg_f1": 0.9565217391304348,
  "levenshtein_avg": 9.0
}