{
  "model": "gemini-2.0-flash",
  "text": "Il giorno 30 marzo 2025, alle ore 13:48, è stata segnalata un'infrazione per doppia fila in Via Napoli 5, Napoli, veicolo coinvolto, Opel Corsa, targa FG 234 LM, agente Mario Rossi.",
  "reference": "Il giorno 30/03/2025, alle ore 13:48, è stata segnalata un’infrazione per doppia fila in via Napoli 5, Napoli. Veicolo coinvolto: Opel Corsa, targa FG234LM. Agente: Mario Rossi.",
  "time": 18.030022675736962,
  "cost": 0.000652656798185941,
  "wer": 0.4444444444444444,
  "cer": 0.096045197740113,
  "bleu_avg": 0.3093527647131144,
  "rouge1_avg_f1": 0.9032258064516129,
  "rougeL_avg_f1": 0.9032258064516129,
  "levenshtein_avg": 17.0
}