{
  "model": "gemini-2.0-flash",
  "text": "Vai su contatti e inserisci il nuovo indirizzo email.",
  "reference": "vai su contatti e inserisci un nuovo indirizzo email",
  "time": 3.9,
  "cost": 0.00014648,
  "wer": 0.3333333333333333,
  "cer": 0.07692307692307693,
  "bleu_avg": 0.3549481056010053,
  "rouge1_avg_f1": 0.8888888888888888,
  "rougeL_avg_f1": 0.8888888888888888,
  "levenshtein_avg": 4.0
}