{
  "model": "gemini-2.0-flash",
  "text": "13 marzo 2025, ore 3:56, veicolo Renault Clio, targa KL 321 MN, in parcheggio su strisce pedonali presso Corso Buenos Aires 98, Milano, rilevato da agente Sara Bellini.",
  "reference": "13/03/2025, ore 03:56: veicolo Renault Clio, targa KL321MN, in parcheggio su strisce pedonali presso corso Buenos Aires 98, Milano. Rilevato da agente Sara Bellini.",
  "time": 17.02299319727891,
  "cost": 0.0006160093605442176,
  "wer": 0.4166666666666667,
  "cer": 0.08536585365853659,
  "bleu_avg": 0.38260294162784475,
  "rouge1_avg_f1": 0.8571428571428572,
  "rougeL_avg_f1": 0.8571428571428572,
  "levenshtein_avg": 14.0
}