{
  "model": "gemini-2.0-flash-lite",
  "text": "In base all'articolo 157, comma 5, l'agente Giulia Costa ha riscontrato un'infrazione in via Etnea 45, Catania alle ore 3:49 del 6 marzo 2025, veicolo coinvolto, Volkswagen Golf, targa TR98U.\n",
  "reference": "In base al articolo 157, comma 5, l'agente Giulia Costa ha riscontrato un'infrazione in via Etnea 45, Catania alle ore 03:49 del 06/03/2025. Veicolo coinvolto: Volkswagen Golf, targa TR098YU.",
  "time": 18.465034013605443,
  "cost": 0.00023118040816326528,
  "wer": 0.3103448275862069,
  "cer": 0.08376963350785341,
  "bleu_avg": 0.5853588479563882,
  "rouge1_avg_f1": 0.8529411764705882,
  "rougeL_avg_f1": 0.8529411764705882,
  "levenshtein_avg": 17.0
}