model,wer_mean,wer_std,cer_mean,cer_std,bleu_avg_mean,rouge1_avg_f1_mean,levenshtein_avg_mean,time_mean,size_m_first,language_first
Faster Whisper Tiny (Turbo),0.411483834435922,0.0633660487302834,0.1350848162099246,0.02895530698871208,0.39104750552425477,0.7887544884372271,75.56,2.083013443946838,39,multilingual
Vosk STT (Small IT),0.4679704731895465,0.06361645487798327,0.268522685341954,0.05873001549313856,0.32685860490148877,0.7847198616482145,148.32,1.7948581981658935,8,italian
Wav2Vec2 XLS-R 1B Italian Robust (DBDMG),0.5189787986127158,0.05667998417547867,0.26018264919623735,0.05044854106821032,0.28624944484665255,0.6851344144512796,143.81,27.559105405807497,963,italian
Wav2Vec2 XLSR Italian (Grosman),0.43554715996401155,0.05588240329806614,0.2500820296917605,0.057426766140884676,0.3547779922114556,0.7786385009269888,138.11,10.56851969718933,315,italian
"Wav2Vec2 XLSR Multilingual (voidful, 56 lang)",0.526349271780893,0.05885175411614318,0.27000172313146775,0.054974694656875656,0.2669626185015682,0.6570579633655762,149.34,11.025382244586945,326,multilingual
Whisper Distilled IT (bofenghuang),0.6097793208357145,0.08198337230412374,0.4814842667552198,0.11093034289128116,0.25253974265522167,0.6855899461254414,269.23,12.077413363456726,756,italian
Whisper Tiny (OpenAI),0.6929821255774352,0.07565375263758461,0.4878461098997024,0.09820531930587899,0.20103004458479018,0.5685520673275637,274.66,1.7697221374511718,39,multilingual
