model,wer_mean,wer_std,cer_mean,cer_std,bleu_avg_mean,rouge1_avg_f1_mean,levenshtein_avg_mean,time_mean,size_m_first,language_first
Faster Whisper Tiny (Turbo),0.46561141636141634,0.2864145120082801,0.11393700188522858,0.08076671071420298,0.3445076801139525,0.6455464586196633,7.72,0.6284441065788269,39,multilingual
Vosk STT (Small IT),0.43019513819513816,0.2740727692262906,0.13738368574095813,0.10958674547596291,0.3598018500393454,0.7345077990779462,8.01,0.3989654493331909,8,italian
Wav2Vec2 XLS-R 1B Italian Robust (DBDMG),0.4077271894771895,0.21711270824222745,0.0892775038897465,0.05701842071027553,0.3740148717354672,0.7266419637312541,5.37,2.7800318956375123,963,italian
Wav2Vec2 XLSR Italian (Grosman),0.23118503718503716,0.16819498736374575,0.047216822935212364,0.04081516976408798,0.589912529198655,0.9130174108271093,2.85,1.0937473678588867,315,italian
"Wav2Vec2 XLSR Multilingual (voidful, 56 lang)",0.3650731213231213,0.2217283694914493,0.08046598352498169,0.06975264583232209,0.435258814610686,0.761121667553711,4.48,1.1142498779296874,326,multilingual
Whisper Distilled IT (bofenghuang),0.1370257797757798,0.22002505333615013,0.03091601157205354,0.0538513349913632,0.7752767199535365,0.9322016957673607,1.63,11.10321352005005,756,italian
Whisper Tiny (OpenAI),0.5093836718836718,0.2876340644515198,0.13293939081927653,0.08566783483026773,0.29960279736896894,0.6054692313177272,8.95,0.5018799972534179,39,multilingual
