model,wer_mean,wer_std,cer_mean,cer_std,bleu_avg_mean,rouge1_avg_f1_mean,levenshtein_avg_mean,time_mean,size_m_first,language_first
Faster Whisper Tiny (Turbo),0.3968362193362193,0.22549109000684128,0.1060810157655715,0.0741156065475888,0.3779503435856669,0.6650318470015858,7.45,0.5269700169563294,39,multilingual
Vosk STT (Small IT),0.40862012987012986,0.18430894989142957,0.1472011973928808,0.09912857409740584,0.30562593100437807,0.7059989306487652,9.45,0.38424192667007445,8,italian
Wav2Vec2 XLS-R 1B Italian Robust (DBDMG),0.40981060606060604,0.1946368902398325,0.10019903663629019,0.06193627904719792,0.3654956092745407,0.6989292246542885,6.1,2.2697792649269104,1000,italian
Wav2Vec2 XLSR Italian (Grosman),0.21889430014430014,0.12919572912362884,0.05639490031993801,0.04934878044931403,0.5820203837028853,0.8783344043870359,3.55,0.8716979384422302,315,italian
"Wav2Vec2 XLSR Multilingual (voidful, 56 lang)",0.395007215007215,0.18754813954090496,0.08855527266006594,0.0627186612382744,0.36529543928576313,0.7095848931782436,5.45,0.9099404811859131,315,multilingual
Whisper Distilled IT (bofenghuang),0.09630952380952382,0.1333276829271764,0.01936713228718566,0.023375195639029164,0.8246090733351531,0.9428338001867413,1.0,8.842353129386902,756,italian
Whisper Tiny (OpenAI),0.4160425685425685,0.23913166032694003,0.11376479147095435,0.07228105162480654,0.3579023545492233,0.6431805533435968,7.95,0.4295737862586975,39,multilingual
