dataset,model,wer,cer,time,bleu_avg,rouge1_avg_f1,levenshtein_avg
coqui,gemini-1.5-pro,0.4732491662110149,0.2732312077931854,17.446950566893424,0.4191504502589571,0.724692514796266,47.46
synthetic,gemini-1.5-pro,0.277738914230818,0.08094173750289,18.33846394557823,0.5709157206971471,0.9096785032797722,15.27
ITALIC,gemini-1.5-pro,0.8590447330447328,0.651548858936461,3.377367800453515,0.371415460671778,0.9010160232929618,27.38
common_voice,gemini-1.5-pro,0.2838994616494617,0.058104313811258475,5.375173696145125,0.5980046212806464,0.9643577886554118,3.94
