model,wer_mean,wer_std,cer_mean,cer_std,bleu_avg_mean,rouge1_avg_f1_mean,levenshtein_avg_mean,time_mean,size_m_first,language_first
Faster Whisper Tiny (Turbo),0.5597240259740259,0.37421609546830176,0.15924292175900248,0.1343368020619371,0.23456278681750442,0.5993867243867244,6.9,0.4815088987350464,39,multilingual
Vosk STT (Small IT),0.24713023088023087,0.2279171296468379,0.08674131711240565,0.10968479520682992,0.5384913060558867,0.7995240578135314,3.85,0.24099599123001098,8,italian
Wav2Vec2 XLS-R 1B Italian Robust (DBDMG),0.4074909812409812,0.34427138653415434,0.07750361642455202,0.05812930312277546,0.35947505025287285,0.6863119306733858,3.05,1.4557862162590027,1000,italian
Wav2Vec2 XLSR Italian (Grosman),0.10609126984126985,0.2389115869656991,0.013479100218230653,0.023269840428062624,0.7660207612836197,0.9282395382395382,0.5,0.5689904928207398,315,italian
"Wav2Vec2 XLSR Multilingual (voidful, 56 lang)",0.34764430014430014,0.3342171286229683,0.07372311346783064,0.08144852383183837,0.3941642335197023,0.7191116494444667,2.7,0.5930282235145569,315,multilingual
Whisper Distilled IT (bofenghuang),0.19893217893217893,0.15151377966302026,0.06066313078120726,0.0977015648914531,0.6609570662222802,0.97,2.25,8.684530138969421,756,italian
Whisper Tiny (OpenAI),0.5634487734487734,0.4139906622193838,0.1758404790860475,0.1446289106345634,0.2929960375901542,0.600539746201511,7.55,0.3435832977294922,39,multilingual
