model,wer_mean,wer_std,cer_mean,cer_std,bleu_avg_mean,rouge1_avg_f1_mean,levenshtein_avg_mean,time_mean,size_m_first,language_first
Faster Whisper Tiny (Turbo),0.5675081168831169,0.3043797101916423,0.1709898815338876,0.13151270298242448,0.2359021825263872,0.5992763984611779,7.24,0.6015490746498108,39,multilingual
Vosk STT (Small IT),0.31819516594516595,0.2603468478296158,0.13207991698252627,0.13718556029952556,0.4611540276889386,0.7287742086389466,5.0,0.3031261658668518,8,italian
Wav2Vec2 XLS-R 1B Italian Robust (DBDMG),0.3709208152958153,0.28189875293107447,0.09436454445738311,0.08967571487495322,0.3686005894317905,0.6809389785688493,3.74,1.9761251306533814,1000,italian
Wav2Vec2 XLSR Italian (Grosman),0.164635101010101,0.25063920017250507,0.0405022556642646,0.07146731671389894,0.6765932827484863,0.8619348407425451,1.45,0.7466893362998962,315,italian
"Wav2Vec2 XLSR Multilingual (voidful, 56 lang)",0.4116396103896104,0.3298861702965164,0.11730736421665322,0.13456681660279254,0.35542869851193254,0.6465545237563759,4.13,0.7752076292037964,315,multilingual
Whisper Distilled IT (bofenghuang),0.2247406204906205,0.15681535928310833,0.05490262117062364,0.07108000624634811,0.5954105742014094,0.9359267676767676,2.08,11.861956706047058,756,italian
Whisper Tiny (OpenAI),0.5554992784992785,0.33754715708894617,0.1900744590079147,0.1569672728929878,0.26496880556653646,0.5806188444929028,8.27,0.43832877159118655,39,multilingual
